sim_id,true_sigma,true_eta,true_kappa,true_a,true_b,true_x0,tada_eta,tada_kappa,tada_a,tada_z,tada_eta_hdi_3%,tada_eta_hdi_97%,tada_kappa_hdi_3%,tada_kappa_hdi_97%,tada_a_hdi_3%,tada_a_hdi_97%,tada_z_hdi_3%,tada_z_hdi_97%,tada_x0,tada_x0_hdi_3%,tada_x0_hdi_97%,addm_eta,addm_kappa,addm_a,addm_x0_raw,addm_eta_hdi_3%,addm_eta_hdi_97%,addm_kappa_hdi_3%,addm_kappa_hdi_97%,addm_a_hdi_3%,addm_a_hdi_97%,addm_x0_raw_hdi_3%,addm_x0_raw_hdi_97%,addm_x0,addm_x0_hdi_3%,addm_x0_hdi_97%,time_data_simulation,time_tada_inference,time_addm_inference,tada_eta_error,tada_eta_rel_error,addm_eta_error,addm_eta_rel_error,tada_kappa_error,tada_kappa_rel_error,addm_kappa_error,addm_kappa_rel_error,tada_a_error,tada_a_rel_error,addm_a_error,addm_a_rel_error,tada_x0_error,tada_x0_rel_error,addm_x0_error,addm_x0_rel_error
0,1.0,0.3,0.5229543176249873,2.0,0.0,0.5,0.247,0.531,1.948,0.615,0.22581295245283056,0.2683621300717533,0.5133525615372736,0.54907988196168,1.912367587039554,1.982306597765391,0.6066574692521807,0.6238337478883345,0.44803999999999977,0.4155375002064958,0.4824562817729512,0.288,0.516,2.014,0.62,0.26853633003336436,0.308917329327211,0.49868520914488074,0.533065427387128,1.9815048271995093,2.0541002769170613,0.6125659602577312,0.6288352644183611,0.4833599999999998,0.45341568791814124,0.5189484450771586,1526.0043342113495,119.22163701057434,712.6198482513428,-0.05299999999999999,-0.17666666666666664,-0.01200000000000001,-0.040000000000000036,0.008045682375012686,0.015385057745679189,-0.006954317624987327,-0.013298135975950191,-0.052000000000000046,-0.026000000000000023,0.01399999999999979,0.006999999999999895,-0.05196000000000023,-0.10392000000000046,-0.01664000000000021,-0.03328000000000042
1,1.0,0.3,1.0792663404301215,2.0,0.0,0.5,0.258,1.104,1.947,0.616,0.24082132461226682,0.27133018920016944,1.0727868937771257,1.1365673878741047,1.9070853857666037,1.9933722661099453,0.6092016626606046,0.6227754857496979,0.4517039999999999,0.42523127440039454,0.47808774150932365,0.304,1.09,2.02,0.624,0.2907235176387372,0.3171770685597363,1.059370343984154,1.1165407538421528,1.985586193345715,2.062039790354322,0.6176732328899862,0.6302186816346906,0.5009600000000001,0.4753998608755441,0.52608347380415,875.1266043186188,106.49670386314392,942.8163492679596,-0.04199999999999998,-0.13999999999999996,0.0040000000000000036,0.013333333333333346,0.024733659569878608,0.022917104558288614,0.010733659569878595,0.009945329681643638,-0.052999999999999936,-0.026499999999999968,0.020000000000000018,0.010000000000000009,-0.04829600000000012,-0.09659200000000023,0.0009600000000000719,0.0019200000000001438
2,1.0,0.3,0.27451599083423217,2.0,0.0,0.5,0.278,0.28,1.97,0.624,0.2435555794214809,0.3099154873243024,0.26543886933742694,0.29402192363704727,1.942477568592438,1.9981738005618637,0.6161940094518115,0.6322222108299849,0.4885599999999999,0.45780439724013733,0.5209555106701405,0.292,0.279,2.008,0.627,0.2624227001067209,0.32176027711631283,0.2655680780906923,0.2910006185824615,1.9797634429226667,2.041049884468715,0.6174687378743019,0.6346447529354654,0.5100319999999998,0.4717544513031964,0.5407333277888289,1917.3378565311432,124.14085340499878,725.7976222038269,-0.021999999999999964,-0.07333333333333322,-0.008000000000000007,-0.026666666666666693,0.005484009165767856,0.01997701171834249,0.004484009165767855,0.016334236676491264,-0.030000000000000027,-0.015000000000000013,0.008000000000000007,0.0040000000000000036,-0.011440000000000117,-0.022880000000000233,0.010031999999999819,0.020063999999999638
3,1.0,0.3,0.3250583646742278,2.0,0.0,0.5,0.25,0.312,1.964,0.624,0.22107128073399585,0.27931706111008575,0.29792659072192446,0.32568999506544033,1.9328971814689746,1.994758591752211,0.6156851166104995,0.6323034135978524,0.48707199999999995,0.45441113804604205,0.519687808612364,0.276,0.308,2.006,0.628,0.24756639712002684,0.3046351828876946,0.294519248507,0.32338101157779925,1.9717251914785345,2.035717417600623,0.619382841127974,0.6356240859318758,0.5135359999999998,0.4789639586054317,0.5441238327586855,1765.789249420166,108.05317115783691,555.8642613887787,-0.04999999999999999,-0.16666666666666663,-0.023999999999999966,-0.07999999999999989,-0.013058364674227774,-0.040172369313784054,-0.017058364674227777,-0.05247785175847914,-0.03600000000000003,-0.018000000000000016,0.005999999999999783,0.0029999999999998916,-0.01292800000000005,-0.0258560000000001,0.01353599999999977,0.02707199999999954
4,1.0,0.3,0.5941847403821459,2.0,0.0,0.5,0.274,0.628,1.954,0.622,0.2570080313613103,0.2945634365350267,0.6096496787207518,0.6498144161763942,1.9193451843241303,1.9900612748671322,0.6138424892268076,0.6290009829151778,0.47677599999999987,0.44489644789836436,0.5041358412325148,0.317,0.612,2.02,0.627,0.2980053306353921,0.3356494512908028,0.5926747044553926,0.6334419831570995,1.9837284143407419,2.0558434132238568,0.620148745425069,0.634927893137531,0.51308,0.4854009315172787,0.5451086882756249,1394.9328126907349,98.95314383506775,744.7786984443665,-0.025999999999999968,-0.08666666666666656,0.017000000000000015,0.05666666666666672,0.03381525961785414,0.05691034676539503,0.01781525961785413,0.029982694618505966,-0.04600000000000004,-0.02300000000000002,0.020000000000000018,0.010000000000000009,-0.023224000000000133,-0.04644800000000027,0.01307999999999998,0.02615999999999996
5,1.0,0.3,0.20290062946884058,2.0,0.0,0.5,0.304,0.21,1.97,0.621,0.265075216979105,0.34283013557834907,0.1985245017150065,0.2211967010414086,1.940444044753395,1.998859850658211,0.611931001720414,0.6301898706869783,0.47674000000000016,0.4410081467784315,0.5129480905066945,0.308,0.211,1.994,0.622,0.2686393607336474,0.3486063588136602,0.19923297285866148,0.22253453099851153,1.9654165979703853,2.0252295564476492,0.6135177013387193,0.6301603607376927,0.48653599999999986,0.4527085929388124,0.5190795186219181,2011.0831263065338,93.07375025749207,689.9016101360321,0.0040000000000000036,0.013333333333333346,0.008000000000000007,0.026666666666666693,0.007099370531159416,0.03498939628597685,0.008099370531159417,0.039917917220671985,-0.030000000000000027,-0.015000000000000013,-0.006000000000000005,-0.0030000000000000027,-0.023259999999999836,-0.04651999999999967,-0.013464000000000143,-0.026928000000000285
6,1.0,0.3,0.17523980289680985,2.0,0.0,0.5,0.262,0.159,1.972,0.63,0.2056878932429819,0.3237565956886732,0.14850293020656832,0.17095737694168853,1.9457919340050915,2.002185762787625,0.6223006887696205,0.6386085574497182,0.5127199999999998,0.48235391650738313,0.5466721505816885,0.237,0.165,1.996,0.632,0.183617537179563,0.28636925264179725,0.1525131697220243,0.1772761386938592,1.9679138084558152,2.02595719481374,0.623509220178956,0.6407261042282631,0.5269439999999999,0.49304880695439257,0.5617786080792264,2043.7973358631134,156.22418403625488,1123.9762315750122,-0.03799999999999998,-0.1266666666666666,-0.063,-0.21000000000000002,-0.016239802896809846,-0.09267188520163237,-0.010239802896809841,-0.05843308841678828,-0.028000000000000025,-0.014000000000000012,-0.0040000000000000036,-0.0020000000000000018,0.012719999999999843,0.025439999999999685,0.026943999999999857,0.053887999999999714
7,1.0,0.3,0.19814571444897175,2.0,0.0,0.5,0.248,0.18,1.963,0.626,0.1984700021650543,0.2981684213582209,0.16782737837831962,0.19124861697980325,1.9348641357494205,1.995091287807431,0.6178941928592151,0.6353965329539684,0.4946760000000001,0.4628526011652787,0.5315667883772797,0.247,0.182,1.988,0.626,0.20602993762966965,0.29257522667897584,0.1704736459176288,0.1920452121309815,1.9609994492324956,2.020912768806244,0.6174466775158034,0.6349768539508674,0.5009760000000001,0.46696798980283427,0.5366679713086491,2048.657984972,136.26561522483826,763.7735950946808,-0.05199999999999999,-0.1733333333333333,-0.05299999999999999,-0.17666666666666664,-0.018145714448971756,-0.09157762760316879,-0.016145714448971754,-0.08148404568764843,-0.03699999999999992,-0.01849999999999996,-0.01200000000000001,-0.006000000000000005,-0.005323999999999884,-0.010647999999999769,0.0009760000000000879,0.0019520000000001758
8,1.0,0.3,0.2572590376843348,2.0,0.0,0.5,0.273,0.263,1.955,0.619,0.2351997660171516,0.30791824021586334,0.250275465349685,0.27624491940263307,1.922305306612786,1.9838757273962857,0.6100635674555943,0.6285681639599132,0.46529,0.4303485487513736,0.5027015210832606,0.279,0.265,1.994,0.622,0.24910478068171898,0.31124224193093747,0.25196574574500746,0.27635641661689003,1.9628287575182313,2.0262369135820704,0.6127414662295858,0.6291664873820126,0.48653599999999986,0.44961296732358824,0.5151159516794663,1880.8018391132355,91.56207752227783,767.9742603302002,-0.02699999999999997,-0.0899999999999999,-0.020999999999999963,-0.06999999999999988,0.005740962315665232,0.022315881950509278,0.007740962315665234,0.030090147212490342,-0.04499999999999993,-0.022499999999999964,-0.006000000000000005,-0.0030000000000000027,-0.03471000000000002,-0.06942000000000004,-0.013464000000000143,-0.026928000000000285
9,1.0,0.3,0.1611430661886762,2.0,0.0,0.5,0.321,0.156,1.978,0.63,0.264236350645161,0.3761056749592802,0.1457824962028805,0.16793874440162723,1.9470041937543023,2.008696691606478,0.6214994199759285,0.6388371642170385,0.5142800000000001,0.480651705424773,0.5492398216426044,0.31,0.16,1.996,0.631,0.255710274643335,0.35836637950989625,0.14903621176625104,0.17134020167368127,1.9650680754415333,2.024440950916814,0.6216424943418385,0.6388081386396969,0.5229520000000001,0.4855968374126194,0.5541220894496699,2863.9351522922516,130.24207162857056,963.2854535579681,0.02100000000000002,0.07000000000000006,0.010000000000000009,0.03333333333333337,-0.0051430661886761875,-0.03191614948330678,-0.001143066188676184,-0.007093486649545392,-0.02200000000000002,-0.01100000000000001,-0.0040000000000000036,-0.0020000000000000018,0.01428000000000007,0.02856000000000014,0.022952000000000083,0.04590400000000017
10,1.0,0.3,0.16615690411839965,2.0,0.0,0.5,0.327,0.172,1.961,0.619,0.2728390744443582,0.37789721114113245,0.16011277006765393,0.18389671822420867,1.931052191363509,1.9887878269143833,0.6108382941716854,0.6281397341043287,0.46671799999999997,0.43470778974135027,0.5025640371571771,0.315,0.174,1.98,0.622,0.2688289390336932,0.36557324084712584,0.1629795428191231,0.1848115142891619,1.9478117078325006,2.007246565646881,0.6133101035510354,0.6303406834990892,0.48312,0.44870801006210037,0.5161491066563935,1986.6103975772858,90.82445573806763,1005.7491722106934,0.027000000000000024,0.09000000000000008,0.015000000000000013,0.050000000000000044,0.005843095881600341,0.035166133556729505,0.007843095881600343,0.04720294906320312,-0.038999999999999924,-0.019499999999999962,-0.020000000000000018,-0.010000000000000009,-0.033282000000000034,-0.06656400000000007,-0.016880000000000006,-0.03376000000000001
11,1.0,0.3,0.26975211627157153,2.0,0.0,0.5,0.305,0.272,1.967,0.618,0.26863676799531444,0.33808155559361114,0.2591720459998619,0.28575576615129056,1.934295516083098,1.9963134473697501,0.6085503087902607,0.6263224778409452,0.46421199999999985,0.4270369147808859,0.49695262782627836,0.309,0.276,2.008,0.622,0.27464922218177784,0.33746046269610186,0.2631612826601254,0.28716464734828284,1.9786528239641081,2.037873090505072,0.6135592411568539,0.6302289734542547,0.48995200000000017,0.4560539124859253,0.5229995573922865,1866.2732894420624,97.0058240890503,755.586309671402,0.0050000000000000044,0.016666666666666684,0.009000000000000008,0.030000000000000027,0.0022478837284284903,0.008333145850709267,0.006247883728428494,0.02316157446616089,-0.03299999999999992,-0.01649999999999996,0.008000000000000007,0.0040000000000000036,-0.03578800000000015,-0.0715760000000003,-0.010047999999999835,-0.02009599999999967
12,1.0,0.3,0.6168133619736567,2.0,0.0,0.5,0.257,0.634,1.929,0.618,0.2388548691596506,0.27734077936022616,0.6125392430995632,0.6516684069199211,1.8923460841256399,1.961477089615149,0.6095024315226137,0.6258909678124123,0.4552440000000002,0.422460380814244,0.4856873538202866,0.299,0.619,2.006,0.626,0.28060952600487754,0.31599076962485656,0.6016513683159292,0.6415250843017456,1.9732342608852604,2.040868635119438,0.6190650702305891,0.6345438755856208,0.505512,0.4776890617651235,0.5397900288495103,1331.3621912002563,96.21224522590637,688.2964580059052,-0.04299999999999998,-0.14333333333333328,-0.0010000000000000009,-0.0033333333333333366,0.017186638026343348,0.027863595515100675,0.002186638026343335,0.003545056189033602,-0.07099999999999995,-0.035499999999999976,0.005999999999999783,0.0029999999999998916,-0.044755999999999796,-0.08951199999999959,0.005511999999999961,0.011023999999999923
13,1.0,0.3,1.3567667527615679,2.0,0.0,0.5,0.271,1.348,1.916,0.618,0.2575728864720882,0.2838390147188616,1.3112478841861401,1.3834877122936873,1.876699365578075,1.9579859130261659,0.6121261055065607,0.6242745305968861,0.45217600000000013,0.42966723630114023,0.47622000124726727,0.306,1.347,1.986,0.627,0.294158197635381,0.31800762203790056,1.3124717619836694,1.3820592915641359,1.9409487043279887,2.021267488750398,0.6209664199783818,0.6324115063587245,0.5044440000000001,0.48047862015413245,0.5259385032568533,782.6802957057953,144.09160780906677,1235.9046964645386,-0.02899999999999997,-0.09666666666666657,0.006000000000000005,0.020000000000000018,-0.008766752761567798,-0.006461503234600876,-0.00976675276156791,-0.007198549597186566,-0.08400000000000007,-0.04200000000000004,-0.014000000000000012,-0.007000000000000006,-0.04782399999999987,-0.09564799999999973,0.0044440000000001145,0.008888000000000229
14,1.0,0.3,0.39036929590929936,2.0,0.0,0.5,0.273,0.407,1.975,0.619,0.24250228836649526,0.29668561802153476,0.3922097278522386,0.4226636180956318,1.9421663749941758,2.0067670239472757,0.6109521979932941,0.6276449382050548,0.4700500000000001,0.43826118207351206,0.5041975059099668,0.303,0.402,2.031,0.622,0.28094704124832154,0.3279154349068325,0.38734219720675056,0.4162723316181244,2.0013560459362596,2.064880122723533,0.613061417302126,0.6296253433441891,0.4955639999999999,0.45925547708123604,0.5265381446640962,1708.611314535141,147.48293375968933,880.0184743404388,-0.02699999999999997,-0.0899999999999999,0.0030000000000000027,0.010000000000000009,0.01663070409070061,0.04260249016757886,0.011630704090700661,0.029794105767485885,-0.02499999999999991,-0.012499999999999956,0.03100000000000014,0.01550000000000007,-0.02994999999999992,-0.05989999999999984,-0.0044360000000001065,-0.008872000000000213
15,1.0,0.3,0.16948916434069783,2.0,0.0,0.5,0.323,0.17,2.004,0.629,0.27026930755541606,0.3739805182912931,0.15901013324426536,0.18064143822679482,1.9762246300021975,2.033589658470911,0.6198920821115659,0.6373585479706827,0.5170319999999999,0.4805274651031559,0.5505330602664964,0.297,0.176,2.027,0.63,0.24302027802479026,0.34020249804154684,0.16484256827606944,0.18659193161548607,1.9962874170794604,2.0596454515623526,0.6218742812989452,0.6391406651452729,0.5270200000000003,0.4940783363859236,0.5640762564989363,2173.2117471694946,102.5275387763977,907.0385694503784,0.02300000000000002,0.07666666666666674,-0.0030000000000000027,-0.010000000000000009,0.0005108356593021834,0.0030139723756931716,0.006510835659302161,0.03841446551836456,0.0040000000000000036,0.0020000000000000018,0.027000000000000135,0.013500000000000068,0.017031999999999936,0.03406399999999987,0.027020000000000266,0.05404000000000053
16,1.0,0.3,0.5013909287957196,2.0,0.0,0.5,0.261,0.548,1.999,0.623,0.24080267707976977,0.2814402519909736,0.5278568422252108,0.5656894459079742,1.966231636298205,2.0363104123958586,0.6152958179103758,0.6315808215027661,0.4917539999999998,0.4609526800056827,0.5260601243680587,0.297,0.538,2.067,0.632,0.278481880316918,0.3151508095867061,0.5215807051415581,0.5544502565679985,2.035690216745283,2.1046588144142495,0.6243895757714445,0.6392429984503315,0.5456880000000002,0.5142265062391518,0.5756305555936705,1496.4889521598816,107.43408417701721,721.9233047962189,-0.03899999999999998,-0.12999999999999995,-0.0030000000000000027,-0.010000000000000009,0.04660907120428048,0.0929595422003941,0.036609071204280474,0.07301502500695622,-0.0009999999999998899,-0.0004999999999999449,0.06700000000000017,0.033500000000000085,-0.008246000000000198,-0.016492000000000395,0.04568800000000017,0.09137600000000035
17,1.0,0.3,0.2582854886166231,2.0,0.0,0.5,0.302,0.249,1.979,0.624,0.26831328392660203,0.3417928327006302,0.23696277280511868,0.26190050425823747,1.9518770587957779,2.0081939972462055,0.6159452184628641,0.6327085305661889,0.4907919999999999,0.45891117467601594,0.5252603639809759,0.305,0.253,2.013,0.625,0.27492630960014397,0.3391542746112045,0.24047503671755338,0.26472207779067775,1.9840768570776066,2.0461126234747766,0.616279125683045,0.6330368362393539,0.50325,0.4681397599999393,0.5356063026996387,1940.6820454597473,94.58304715156555,675.2742445468903,0.0020000000000000018,0.006666666666666673,0.0050000000000000044,0.016666666666666684,-0.009285488616623094,-0.03595048512541748,-0.005285488616623091,-0.020463745930645056,-0.020999999999999908,-0.010499999999999954,0.0129999999999999,0.00649999999999995,-0.009208000000000105,-0.01841600000000021,0.003249999999999975,0.00649999999999995
18,1.0,0.3,0.23423371185142816,2.0,0.0,0.5,0.273,0.23,1.962,0.625,0.23509373731826588,0.31486956912218944,0.2176595139196719,0.2426492859337964,1.933098050283654,1.9903595469348623,0.6168692712138222,0.6343893991984618,0.49050000000000016,0.45859502024303844,0.527344002454764,0.281,0.231,1.994,0.628,0.2417748924031897,0.3177547932492966,0.21886480004548856,0.24239596303798697,1.9639266461798042,2.0229763376442547,0.6193535557681535,0.6367853283042416,0.510464,0.47598198040339645,0.5454998892773155,1970.832747220993,99.69767689704895,571.8136210441589,-0.02699999999999997,-0.0899999999999999,-0.01899999999999996,-0.06333333333333321,-0.004233711851428151,-0.01807473321395149,-0.0032337118514281504,-0.013805492923577363,-0.038000000000000034,-0.019000000000000017,-0.006000000000000005,-0.0030000000000000027,-0.009499999999999842,-0.018999999999999684,0.010464000000000029,0.020928000000000058
19,1.0,0.3,0.8118033071195094,2.0,0.0,0.5,0.252,0.837,1.921,0.617,0.23598749981880357,0.26919003663285107,0.8109627634621132,0.8598129528803957,1.8806668815071197,1.959926434913771,0.6097882828779175,0.6253139214743684,0.44951399999999997,0.42180658281695904,0.4814560863045234,0.302,0.817,1.996,0.626,0.28776360682859853,0.31782476894385414,0.7948993119165294,0.841145703648141,1.9611325309834975,2.034537490267731,0.6197788180412438,0.6334791245400444,0.5029919999999999,0.4781570416206451,0.5328486651638573,1272.0294771194458,152.89835357666016,1303.6136946678162,-0.04799999999999999,-0.15999999999999998,0.0020000000000000018,0.006666666666666673,0.025196692880490534,0.031037928349780926,0.005196692880490517,0.006401418711793307,-0.07899999999999996,-0.03949999999999998,-0.0040000000000000036,-0.0020000000000000018,-0.05048600000000003,-0.10097200000000006,0.0029919999999998836,0.005983999999999767
20,1.0,0.3,1.2603251379054468,2.0,0.0,0.5,0.264,1.255,1.936,0.611,0.2503393021973064,0.2786957065639904,1.219763364556308,1.2910281868080378,1.8951054727726189,1.9802792556173099,0.6059271515981053,0.6183968520396688,0.42979199999999995,0.4101499309878638,0.4584326110975976,0.302,1.248,2.01,0.621,0.290597271891038,0.31497651100001683,1.2134648490147426,1.2801638598296268,1.966465653608331,2.0465653839645555,0.6153644733050465,0.62748704658984,0.48641999999999985,0.46376518268628697,0.512497927291157,1102.9984092712402,156.1618492603302,867.6069030761719,-0.035999999999999976,-0.11999999999999993,0.0020000000000000018,0.006666666666666673,-0.005325137905446864,-0.004225209626697433,-0.01232513790544676,-0.009779331963440871,-0.06400000000000006,-0.03200000000000003,0.009999999999999787,0.004999999999999893,-0.07020800000000005,-0.1404160000000001,-0.013580000000000148,-0.027160000000000295
21,1.0,0.3,0.09011658445919625,2.0,0.0,0.5,0.317,0.087,1.99,0.621,0.2195259579424416,0.4103789907829426,0.07653928381634355,0.09864901924021753,1.9606990549344576,2.0167935093104714,0.6119804830029458,0.6301637839285571,0.4815799999999999,0.44568232235172434,0.5180518600356574,0.285,0.09,1.996,0.621,0.1948671542936297,0.37648128417137405,0.07936112908292797,0.09962651304938111,1.967725610583748,2.023127514985504,0.6129603486671834,0.6296890428862308,0.48303200000000013,0.450937711879396,0.5177186592018335,2325.2412917613983,132.53549098968506,885.6559896469116,0.017000000000000015,0.05666666666666672,-0.015000000000000013,-0.050000000000000044,-0.003116584459196256,-0.0345839167995477,-0.00011658445919625338,-0.0012937070340148264,-0.010000000000000009,-0.0050000000000000044,-0.0040000000000000036,-0.0020000000000000018,-0.018420000000000103,-0.036840000000000206,-0.016967999999999872,-0.033935999999999744
22,1.0,0.3,0.0790105845903052,2.0,0.0,0.5,0.385,0.081,2.026,0.625,0.28077713444625485,0.4828471458868429,0.07184967013336273,0.09092243722273297,2.0005229826130706,2.0543159134521174,0.6165412396197903,0.6344524847348512,0.5065,0.47222510293939024,0.544801468145617,0.356,0.082,2.031,0.625,0.26387213370972484,0.4380133169990716,0.07188812071987932,0.0911331521422806,2.0019881610889705,2.057567497944144,0.6165381010408696,0.6333966795312073,0.5077500000000001,0.4733777664280123,0.5418573122557637,2322.701107740402,99.03554725646973,917.8833229541779,0.08500000000000002,0.28333333333333344,0.055999999999999994,0.18666666666666665,0.0019894154096948002,0.025179099990343654,0.002989415409694801,0.037835632088989886,0.0259999999999998,0.0129999999999999,0.03100000000000014,0.01550000000000007,0.00649999999999995,0.0129999999999999,0.007750000000000146,0.015500000000000291
23,1.0,0.3,0.22233615573435567,2.0,0.0,0.5,0.267,0.22,1.973,0.624,0.22229183385611778,0.30948598968262875,0.20807150042636843,0.23293182072108315,1.9429906092412859,2.003956200942918,0.6154832673759145,0.6328153582688057,0.48930399999999996,0.45569697306535883,0.5240894037287076,0.275,0.222,2.003,0.625,0.23787572330689485,0.31079499486473205,0.20919255041749113,0.2332277441330302,1.975140178638414,2.0321798499667856,0.6160033128611727,0.6331821299352132,0.50075,0.4647092713218579,0.533527612520464,1987.3926572799683,136.04499745368958,907.3026576042175,-0.032999999999999974,-0.10999999999999992,-0.024999999999999967,-0.08333333333333323,-0.002336155734355666,-0.010507313696414156,-0.00033615573435566426,-0.001511925639108822,-0.026999999999999913,-0.013499999999999956,0.0030000000000001137,0.0015000000000000568,-0.010696000000000039,-0.021392000000000078,0.0007500000000000284,0.0015000000000000568
24,1.0,0.3,1.319475767795528,2.0,0.0,0.5,0.257,1.325,1.944,0.611,0.24491355899907236,0.27118062143181576,1.2892735975630374,1.3631324068690815,1.8922146164260971,1.9775681415059803,0.6047953020829773,0.6173823452439021,0.43156799999999995,0.4074441344986157,0.4563825583082912,0.291,1.331,2.022,0.619,0.2783888054930033,0.30238364557221703,1.2958136104527267,1.3641982721165116,1.978054353155642,2.0604388533927542,0.6125967170402076,0.6249441988138272,0.481236,0.4553411237105993,0.5052743400031172,1009.0106928348541,134.39559650421143,1102.7890710830688,-0.04299999999999998,-0.14333333333333328,-0.009000000000000008,-0.030000000000000027,0.005524232204471957,0.004186687121735772,0.011524232204471963,0.008733947591720996,-0.05600000000000005,-0.028000000000000025,0.021999999999999797,0.010999999999999899,-0.06843200000000005,-0.1368640000000001,-0.018764000000000003,-0.037528000000000006
25,1.0,0.3,0.02096318497271639,2.0,0.0,0.5,0.404,0.03,2.005,0.628,0.11492050815172168,0.6550364431367987,0.0204145657040628,0.03979151806752039,1.9762976402508479,2.033924870680068,0.6187512375871757,0.6367507535969543,0.51328,0.4761924627245744,0.5483705219237867,0.339,0.031,2.006,0.628,0.08317122774957131,0.5748242242578577,0.02097029672184194,0.04082244093696457,1.9787302529633883,2.035582403120703,0.6191225621984834,0.6361352229598285,0.5135359999999998,0.4779197195403153,0.5461745145148318,2378.1413354873657,175.84066534042358,1058.2005259990692,0.10400000000000004,0.3466666666666668,0.039000000000000035,0.13000000000000012,0.00903681502728361,0.43108025040302966,0.01003681502728361,0.478782925416464,0.004999999999999893,0.0024999999999999467,0.005999999999999783,0.0029999999999998916,0.013279999999999959,0.026559999999999917,0.01353599999999977,0.02707199999999954
26,1.0,0.3,0.8362484433085449,2.0,0.0,0.5,0.254,0.86,1.918,0.614,0.23824857538313157,0.27001436599451994,0.8333926187196695,0.8828401825773468,1.880671391311202,1.9546798399287628,0.6068528883320337,0.6214646405801955,0.4373039999999999,0.40988767964168127,0.4659383612656296,0.305,0.844,1.997,0.623,0.29052116137025935,0.3198064762091208,0.821741048280585,0.8674636595086362,1.962842396037354,2.036945472591088,0.6162393052620172,0.6304857035903162,0.4912620000000001,0.4642597852164967,0.5211599001397229,1050.6042013168335,129.47402572631836,722.1603889465332,-0.045999999999999985,-0.1533333333333333,0.0050000000000000044,0.016666666666666684,0.023751556691455122,0.028402512293456878,0.007751556691455108,0.009269442297299523,-0.08200000000000007,-0.041000000000000036,-0.0029999999999998916,-0.0014999999999999458,-0.06269600000000008,-0.12539200000000017,-0.008737999999999913,-0.017475999999999825
27,1.0,0.3,0.1870959021980958,2.0,0.0,0.5,0.295,0.179,1.965,0.617,0.24995591670091757,0.3422464617314993,0.167055957116291,0.19027392842027616,1.9349919991660411,1.9946945593991745,0.6079628897225082,0.6255914365653231,0.45980999999999983,0.42429415660945735,0.4935743457017201,0.291,0.182,1.987,0.619,0.24786653953115964,0.3360928447360457,0.1717935469302017,0.19357223273636714,1.9584665193405861,2.017271797328288,0.6109039007009277,0.6278024358669864,0.47290600000000005,0.4407321013854868,0.5078868801354037,2053.9427077770233,153.81479454040527,633.1683661937714,-0.0050000000000000044,-0.016666666666666684,-0.009000000000000008,-0.030000000000000027,-0.008095902198095806,-0.043271403077144485,-0.005095902198095803,-0.02723684558681728,-0.03499999999999992,-0.01749999999999996,-0.0129999999999999,-0.00649999999999995,-0.04019000000000017,-0.08038000000000034,-0.02709399999999995,-0.0541879999999999
28,1.0,0.3,0.15499260703738774,2.0,0.0,0.5,0.315,0.153,1.994,0.626,0.2575427976288617,0.36626235971392,0.14159686365488608,0.16388262346194649,1.9654475334681591,2.023323686686217,0.6181289117208055,0.634823140230437,0.5024879999999998,0.47109809994257223,0.5376746832389825,0.304,0.156,2.01,0.627,0.2521620049645778,0.3521743677336938,0.1456815488155579,0.16718991906250014,1.9780887202955515,2.0388496226934905,0.6175460963093657,0.6353001093074477,0.5105399999999998,0.4725353071636502,0.5439064394159399,2165.175146818161,114.61599016189575,667.7047128677368,0.015000000000000013,0.050000000000000044,0.0040000000000000036,0.013333333333333346,-0.001992607037387739,-0.012856142466892482,0.0010073929626122635,0.006499619445521408,-0.006000000000000005,-0.0030000000000000027,0.009999999999999787,0.004999999999999893,0.0024879999999998237,0.004975999999999647,0.010539999999999772,0.021079999999999544
29,1.0,0.3,0.14360497306284625,2.0,0.0,0.5,0.323,0.138,1.975,0.614,0.2616597117654805,0.3764230238553587,0.12824351866762718,0.14886561090374756,1.9488607365104202,2.0039788545432535,0.6056270886447797,0.6229154944113493,0.4502999999999999,0.41722700014687986,0.4855162029248299,0.289,0.144,1.992,0.615,0.2303397512343946,0.34559472955401527,0.133732739558991,0.15495844822205904,1.963109873401162,2.0217296388835417,0.6059679783718829,0.6230168538683171,0.4581599999999999,0.42217642583358117,0.49009914581137526,2945.4372639656067,125.98434853553772,901.6904509067535,0.02300000000000002,0.07666666666666674,-0.01100000000000001,-0.0366666666666667,-0.005604973062846241,-0.03903049416257556,0.00039502693715373627,0.0027507886999209945,-0.02499999999999991,-0.012499999999999956,-0.008000000000000007,-0.0040000000000000036,-0.04970000000000008,-0.09940000000000015,-0.0418400000000001,-0.0836800000000002
30,1.0,0.3,0.6530052291823922,2.0,0.0,0.5,0.252,0.698,1.967,0.62,0.23348022574509503,0.270527857930255,0.6757945555423421,0.7220757804022108,1.9311132261806527,2.0067109672727765,0.6123780465175194,0.6275894364197167,0.47208000000000006,0.4420952349999214,0.5019368428751654,0.305,0.674,2.035,0.627,0.28894281500135127,0.32402748004153886,0.6516593901880362,0.6942251804728367,1.9969979333621526,2.074615038176049,0.6201890730514303,0.6340724223324012,0.5168900000000001,0.4891695273193215,0.545674758892873,1735.4637937545776,158.12522268295288,1058.7110633850098,-0.04799999999999999,-0.15999999999999998,0.0050000000000000044,0.016666666666666684,0.04499477081760772,0.06890415085028383,0.02099477081760781,0.032150999531649564,-0.03299999999999992,-0.01649999999999996,0.03500000000000014,0.01750000000000007,-0.027919999999999945,-0.05583999999999989,0.01689000000000007,0.03378000000000014
31,1.0,0.3,0.6256941859233424,2.0,0.0,0.5,0.247,0.655,1.948,0.616,0.22874619869711765,0.26715231802690104,0.6342819299436517,0.6769210383482531,1.9110137385696087,1.9833699749352158,0.6083164002534045,0.624227830514214,0.4519359999999999,0.4220006953872639,0.4839916276833778,0.298,0.632,2.019,0.625,0.2799528521559788,0.31462333779798796,0.6130132182515597,0.6528827974771649,1.9839349444628616,2.054139900814849,0.6174607810746839,0.6319328409348144,0.50475,0.4743066339795736,0.5327448116947804,1307.8599553108215,158.86332392692566,626.390337228775,-0.05299999999999999,-0.17666666666666664,-0.0020000000000000018,-0.006666666666666673,0.029305814076657666,0.046837280473384646,0.006305814076657645,0.01007810879263981,-0.052000000000000046,-0.026000000000000023,0.019000000000000128,0.009500000000000064,-0.04806400000000011,-0.09612800000000021,0.004750000000000032,0.009500000000000064
32,1.0,0.3,0.7713803100532063,2.0,0.0,0.5,0.253,0.795,1.935,0.615,0.23435613317963472,0.27175767905030834,0.769886260352666,0.8163838010431251,1.8993050185172655,1.973317652207693,0.6075611970169849,0.6225644895500942,0.44505000000000017,0.41626183245573145,0.4743245745588647,0.304,0.77,2.002,0.624,0.28860860920810955,0.32018351967867437,0.7450432947438197,0.7906018003811661,1.9657583421465152,2.0393840480517453,0.6169046182469284,0.631722721955918,0.49649600000000005,0.46808609146070124,0.527417778711496,1128.7428233623505,98.89210557937622,674.6322309970856,-0.046999999999999986,-0.15666666666666662,0.0040000000000000036,0.013333333333333346,0.023619689946793754,0.030620032218821577,-0.0013803100532062684,-0.0017894027566130912,-0.06499999999999995,-0.03249999999999997,0.0019999999999997797,0.0009999999999998899,-0.05494999999999983,-0.10989999999999966,-0.0035039999999999516,-0.007007999999999903
33,1.0,0.3,2.2529790837426944,2.0,0.0,0.5,0.282,2.225,1.963,0.621,0.2734311025430026,0.2905381873679242,2.1696400054236866,2.2849707235176924,1.9207309169750622,2.0091468114459325,0.6165003690451969,0.6269069427166012,0.47504599999999986,0.45738044887144325,0.49823665710537623,0.294,2.264,2.03,0.626,0.2849487727278791,0.3018416850326759,2.2076118806075096,2.3202699682986343,1.9807623163429307,2.0702168992847247,0.6216434472801259,0.6312019251841899,0.5115599999999998,0.49387239595731103,0.532679816247811,479.0020740032196,136.12787985801697,1008.0144398212433,-0.018000000000000016,-0.06000000000000005,-0.006000000000000005,-0.020000000000000018,-0.02797908374269431,-0.012418705501790497,0.011020916257305391,0.004891708199526301,-0.03699999999999992,-0.01849999999999996,0.029999999999999805,0.014999999999999902,-0.024954000000000143,-0.049908000000000285,0.011559999999999793,0.023119999999999585
34,1.0,0.3,0.5033568745631178,2.0,0.0,0.5,0.27,0.518,1.949,0.625,0.2466616136575058,0.2911636145560317,0.5014896343289075,0.5363515692527675,1.9146661844415183,1.9835548819021613,0.6165402492585874,0.6326039132498027,0.4872500000000002,0.4542738916099738,0.516890053847731,0.313,0.507,2.013,0.629,0.2896049698537951,0.3331097832224671,0.4903872508320625,0.5237687313246223,1.9815824375839364,2.0465823451293006,0.6211371968513826,0.6368548549487938,0.5193539999999999,0.4876983545236664,0.5509776460238438,1489.3158240318298,91.64963245391846,820.2244191169739,-0.02999999999999997,-0.09999999999999991,0.013000000000000012,0.043333333333333376,0.014643125436882176,0.02909094159008256,0.0036431254368821664,0.007237659046663802,-0.050999999999999934,-0.025499999999999967,0.0129999999999999,0.00649999999999995,-0.012749999999999817,-0.025499999999999634,0.01935399999999987,0.03870799999999974
35,1.0,0.3,0.11790853834403824,2.0,0.0,0.5,0.328,0.107,1.978,0.62,0.25312525233756594,0.4096280377354867,0.09631195218035284,0.11738987797300379,1.9511509364975779,2.0085132990865446,0.6111177968938835,0.6284383132646457,0.4747199999999998,0.439582004512203,0.5081019672749385,0.273,0.113,1.991,0.621,0.19833668709238547,0.3472770714348952,0.10054671452055412,0.1223541271745968,1.9626803688607288,2.0189914792655412,0.612178651552874,0.629732985546306,0.4818220000000002,0.44669539048354423,0.5165967484453904,2243.1284449100494,96.40525531768799,625.020051240921,0.028000000000000025,0.09333333333333342,-0.02699999999999997,-0.0899999999999999,-0.010908538344038238,-0.09251694997871036,-0.004908538344038232,-0.0416300499775165,-0.02200000000000002,-0.01100000000000001,-0.008999999999999897,-0.0044999999999999485,-0.02528000000000019,-0.05056000000000038,-0.018177999999999805,-0.03635599999999961
36,1.0,0.3,0.19775123455884092,2.0,0.0,0.5,0.331,0.188,1.953,0.626,0.28867019142186245,0.3785532730276077,0.17593259393228844,0.19936167842718194,1.9249887917479795,1.9808519723428326,0.6174199560562966,0.6352453366751074,0.4921559999999998,0.4586423483558948,0.5282682850529696,0.322,0.193,1.976,0.629,0.27792675942062506,0.36345086563367507,0.18032349763122035,0.20471106708658512,1.9517831023408028,2.01199883922942,0.6206233342880522,0.6371098366502409,0.509808,0.476703417106382,0.5418580744417518,2034.5573189258575,105.66698169708252,721.7120015621185,0.031000000000000028,0.10333333333333343,0.02200000000000002,0.0733333333333334,-0.009751234558840916,-0.04931061280398446,-0.004751234558840911,-0.02402632059132445,-0.04699999999999993,-0.023499999999999965,-0.02400000000000002,-0.01200000000000001,-0.007844000000000184,-0.01568800000000037,0.009808000000000039,0.019616000000000078
37,1.0,0.3,0.24057126918422828,2.0,0.0,0.5,0.309,0.234,1.982,0.629,0.2757423655752793,0.34987132659320097,0.22167496081143906,0.24655626782288823,1.948709900030592,2.009700192165192,0.6214990082566253,0.6384702411303361,0.5113559999999999,0.4816220687292627,0.5488960358406525,0.315,0.235,2.011,0.631,0.28336417066180125,0.35090557068230216,0.22373449001228224,0.24594886933572857,1.981360232696383,2.041702547004303,0.622029352547255,0.639102211562689,0.5268820000000001,0.49080205594505966,0.5594690949051353,2697.936425447464,123.66843032836914,819.839524269104,0.009000000000000008,0.030000000000000027,0.015000000000000013,0.050000000000000044,-0.006571269184228262,-0.027315270050789053,-0.005571269184228289,-0.023158497700578862,-0.018000000000000016,-0.009000000000000008,0.01100000000000012,0.00550000000000006,0.011355999999999922,0.022711999999999843,0.026882000000000073,0.053764000000000145
38,1.0,0.3,0.26714469374456074,2.0,0.0,0.5,0.3,0.268,1.974,0.623,0.2640981859016331,0.3290048908084878,0.2562764711668028,0.2821224644664555,1.9441045119479292,2.002990065116956,0.614961479158731,0.6316757755961134,0.48560400000000015,0.45386791971867013,0.519855962053456,0.309,0.269,2.008,0.623,0.2735402037298867,0.3431780110737851,0.2559446294573523,0.28249333333977256,1.9759717579855516,2.038408795446,0.6139822698097464,0.6315978114296482,0.4939680000000002,0.4577527955559413,0.5284968107014674,1898.6333768367767,120.38106775283813,752.9500758647919,0.0,0.0,0.009000000000000008,0.030000000000000027,0.000855306255439281,0.0032016591587520375,0.0018553062554392818,0.006944948931732459,-0.026000000000000023,-0.013000000000000012,0.008000000000000007,0.0040000000000000036,-0.014395999999999853,-0.028791999999999707,-0.006031999999999815,-0.01206399999999963
39,1.0,0.3,0.2443584214620824,2.0,0.0,0.5,0.304,0.232,1.973,0.623,0.26403492858637756,0.34420260253439183,0.21922113240812152,0.24485725133856867,1.9450756703140917,2.002882234204848,0.6143699416210524,0.6314507781795531,0.48535799999999996,0.45130378963667295,0.5187047706965167,0.304,0.236,2.002,0.624,0.26288005388651103,0.339497351659237,0.222446866796448,0.24789121609085413,1.968246772206419,2.031268873070428,0.6148026841583444,0.6321513265908058,0.49649600000000005,0.45966994737001077,0.5291339116695863,2653.395695209503,125.93496561050415,868.4025917053223,0.0040000000000000036,0.013333333333333346,0.0040000000000000036,0.013333333333333346,-0.01235842146208238,-0.05057497665984908,-0.008358421462082405,-0.034205579705708644,-0.026999999999999913,-0.013499999999999956,0.0019999999999997797,0.0009999999999998899,-0.014642000000000044,-0.029284000000000088,-0.0035039999999999516,-0.007007999999999903
40,1.0,0.3,0.0643020355355467,2.0,0.0,0.5,0.336,0.067,1.989,0.629,0.21808187389943884,0.4623078884104211,0.05669917323905306,0.07665319721482193,1.9576796525206461,2.0158983389500262,0.6201399199701124,0.6366994316443682,0.5131620000000001,0.4779166016411074,0.5437903390812966,0.302,0.068,1.993,0.629,0.1664050727556191,0.41923496101855745,0.058661047659390494,0.07862999879230491,1.9647488644266393,2.0227027116484284,0.6195765892524739,0.636842679008827,0.514194,0.47663228476036124,0.5454549185291844,3152.3699884414673,128.1840054988861,921.6706082820892,0.03600000000000003,0.1200000000000001,0.0020000000000000018,0.006666666666666673,0.0026979644644533063,0.041957683640696714,0.003697964464453307,0.057509290859214586,-0.010999999999999899,-0.005499999999999949,-0.006999999999999895,-0.0034999999999999476,0.013162000000000118,0.026324000000000236,0.01419400000000004,0.02838800000000008
41,1.0,0.3,0.3269770378854557,2.0,0.0,0.5,0.274,0.337,1.955,0.618,0.2432494157017077,0.3045749609887571,0.3231335038045428,0.3513322514073351,1.9267270242041046,1.9906503163197675,0.6091271578826793,0.6264524178456989,0.4613800000000001,0.4266871873212761,0.49442895377668306,0.297,0.334,1.999,0.62,0.27048626149393556,0.32705218754147564,0.3208563212141078,0.349122229303528,1.9680125111400277,2.031072157459845,0.6118813558232017,0.6286538568165007,0.4797600000000002,0.4473016605811604,0.5143581195523694,1775.6795477867126,116.44136047363281,839.5294103622437,-0.025999999999999968,-0.08666666666666656,-0.0030000000000000027,-0.010000000000000009,0.010022962114544343,0.030653412788134427,0.00702296211454434,0.02147845659120741,-0.04499999999999993,-0.022499999999999964,-0.0009999999999998899,-0.0004999999999999449,-0.03861999999999988,-0.07723999999999975,-0.020239999999999814,-0.04047999999999963
42,1.0,0.3,0.43863746322811953,2.0,0.0,0.5,0.281,0.44,1.919,0.617,0.25893283796431044,0.30323139060221027,0.425252203719296,0.4584805422058105,1.8874125016076726,1.9507384009465027,0.6080825329299557,0.6257894858120857,0.44904600000000006,0.4148207613851702,0.4827800465467851,0.309,0.435,1.989,0.62,0.2885584404912883,0.3313211174018186,0.41906453296187185,0.4496501310332988,1.9683999648732509,2.0115150841327867,0.6123039402426957,0.6284088518087196,0.47736000000000023,0.44674507428544374,0.510810412495087,1649.8908367156982,142.14830899238586,1961.015682220459,-0.01899999999999996,-0.06333333333333321,0.009000000000000008,0.030000000000000027,0.0013625367718804737,0.0031062936618614072,-0.0036374632281195307,-0.008292641493387027,-0.08099999999999996,-0.04049999999999998,-0.010999999999999899,-0.005499999999999949,-0.050953999999999944,-0.10190799999999989,-0.02263999999999977,-0.04527999999999954
43,1.0,0.3,0.5372795493230972,2.0,0.0,0.5,0.254,0.544,1.955,0.623,0.23453152262035334,0.2764481951160372,0.5287011343420918,0.5642461730266258,1.926745786473641,1.9895416069478578,0.61399536511284,0.6314087478272855,0.48092999999999986,0.4457218775912044,0.5138082040046865,0.292,0.528,2.02,0.627,0.27426446843476726,0.3094896455306096,0.5119587596079519,0.545799806000091,1.987472111743528,2.0558782910303304,0.6197317789924308,0.6350567236597183,0.51308,0.48371638712942033,0.5456291635852621,1441.2517926692963,96.0638906955719,862.0502133369446,-0.045999999999999985,-0.1533333333333333,-0.008000000000000007,-0.026666666666666693,0.006720450676902856,0.012508294211774403,-0.009279549323097158,-0.017271361500336632,-0.04499999999999993,-0.022499999999999964,0.020000000000000018,0.010000000000000009,-0.019070000000000142,-0.038140000000000285,0.01307999999999998,0.02615999999999996
44,1.0,0.3,0.49717767934262325,2.0,0.0,0.5,0.261,0.506,1.938,0.621,0.24108457426914817,0.283560088791051,0.4880920982681749,0.5229825651520025,1.9028476000801025,1.9693558512980047,0.6124188866439871,0.6296836382284444,0.46899599999999997,0.43573560463209415,0.5026537817734507,0.3,0.494,2.0,0.626,0.2809612531508778,0.32119863436751367,0.4774728242650006,0.5103863894871453,1.965421620493511,2.0327807318639217,0.6175346356868097,0.6328564712108439,0.504,0.47013854274723865,0.5314258848433755,1508.6466228961945,133.22813773155212,654.9517011642456,-0.03899999999999998,-0.12999999999999995,0.0,0.0,0.008822320657376759,0.01774480437062617,-0.003177679342623252,-0.006391436049230596,-0.062000000000000055,-0.031000000000000028,0.0,0.0,-0.03100400000000003,-0.06200800000000006,0.0040000000000000036,0.008000000000000007
45,1.0,0.3,0.511915049914067,2.0,0.0,0.5,0.271,0.537,1.955,0.621,0.24908242163084543,0.29450313334730016,0.5161936163271447,0.5538745421452199,1.9191240520814992,1.9889070407381393,0.6122909019079023,0.6297053129368062,0.47311000000000014,0.43905742645989765,0.5071477735829122,0.313,0.529,2.027,0.626,0.2938936357668605,0.33160247460770204,0.5103241150624647,0.5446802885109321,1.9929714183493947,2.0643033211559914,0.6193657984683792,0.6346551312460377,0.5108040000000003,0.48390894699080933,0.5458919020714368,1497.9792387485504,91.915935754776,884.2718093395233,-0.02899999999999997,-0.09666666666666657,0.013000000000000012,0.043333333333333376,0.025084950085933033,0.049002173485901496,0.017084950085933026,0.033374580584807974,-0.04499999999999993,-0.022499999999999964,0.027000000000000135,0.013500000000000068,-0.02688999999999986,-0.05377999999999972,0.010804000000000258,0.021608000000000516
46,1.0,0.3,0.8597549972992365,2.0,0.0,0.5,0.241,0.886,1.951,0.617,0.22546996970330282,0.2570538591670046,0.8594536888614169,0.9144097413767316,1.912805788354641,1.993585030773908,0.6095774144779929,0.6232048590980511,0.456534,0.4275710712931282,0.48074536020059533,0.289,0.86,2.019,0.625,0.2753720989761913,0.3045794351600892,0.8361631279091444,0.8840415704937209,1.9825121299737396,2.058915962646982,0.6168536119967152,0.631260134210039,0.50475,0.471854885242736,0.5300284219401377,1044.162045955658,143.73466205596924,885.0293006896973,-0.059,-0.19666666666666666,-0.01100000000000001,-0.0366666666666667,0.026245002700763465,0.030526141497528192,0.00024500270076344144,0.00028496804500476616,-0.04899999999999993,-0.024499999999999966,0.019000000000000128,0.009500000000000064,-0.043466000000000005,-0.08693200000000001,0.004750000000000032,0.009500000000000064
47,1.0,0.3,0.4294514398147371,2.0,0.0,0.5,0.255,0.43,1.906,0.615,0.2311645485713142,0.27921382915586407,0.41358874837300447,0.44579233023878145,1.8769522431886778,1.9404388153195613,0.6066193568391852,0.6230405020643911,0.43837999999999977,0.40643298827097385,0.46903039386945866,0.286,0.426,1.97,0.62,0.2652792136505528,0.3082961874724969,0.41206947316599946,0.4429214820630274,1.9403656920648593,2.0050488211117874,0.6114047096573805,0.6280755221455883,0.4728000000000001,0.43893455605007925,0.5046175572536178,1543.5651457309723,98.35052108764648,667.4270296096802,-0.044999999999999984,-0.14999999999999997,-0.014000000000000012,-0.04666666666666671,0.0005485601852628919,0.0012773509049114787,-0.0034514398147371117,-0.008036857010483055,-0.09400000000000008,-0.04700000000000004,-0.030000000000000027,-0.015000000000000013,-0.06162000000000023,-0.12324000000000046,-0.02719999999999989,-0.05439999999999978
48,1.0,0.3,0.07654325422147483,2.0,0.0,0.5,0.332,0.07,1.99,0.632,0.21306255494274115,0.43901234723591953,0.060433427422945774,0.0808710858608208,1.9658051811169568,2.0164199808131666,0.6240012080121423,0.6414154618092633,0.5253599999999998,0.49352480788832653,0.562833538000868,0.298,0.072,1.995,0.632,0.17762349566674357,0.4039301503156894,0.062435198233998394,0.08268718535692282,1.9663823447751982,2.021039685000109,0.6238194250180031,0.6405941548453448,0.5266800000000003,0.49403950582183276,0.5609706778329255,2270.450838327408,103.33409237861633,906.6073627471924,0.03200000000000003,0.10666666666666677,-0.0020000000000000018,-0.006666666666666673,-0.006543254221474823,-0.0854844007878497,-0.004543254221474835,-0.05935538366750271,-0.010000000000000009,-0.0050000000000000044,-0.004999999999999893,-0.0024999999999999467,0.025359999999999827,0.050719999999999654,0.02668000000000026,0.05336000000000052
49,1.0,0.3,0.14068705813214435,2.0,0.0,0.5,0.302,0.132,2.015,0.625,0.2379446511343556,0.3685256268123276,0.12127866912302168,0.14326712745421658,1.9849568548430783,2.04363847105926,0.617054716981319,0.6340024424852153,0.5037500000000001,0.4717305094347153,0.5400298432154176,0.284,0.135,2.026,0.625,0.2226705985033086,0.341976942770957,0.12468885128424131,0.14543078427903913,1.9984854464363222,2.056145895294046,0.6168869422216113,0.6356599099730066,0.5065,0.4736258898819692,0.5496939552106226,2183.758783340454,108.44332957267761,983.8944811820984,0.0020000000000000018,0.006666666666666673,-0.016000000000000014,-0.053333333333333385,-0.008687058132144349,-0.061747386344412576,-0.005687058132144346,-0.04042346330678557,0.015000000000000124,0.007500000000000062,0.0259999999999998,0.0129999999999999,0.003750000000000142,0.007500000000000284,0.00649999999999995,0.0129999999999999
50,1.0,0.3,0.3240146113196663,2.0,0.0,0.5,0.29,0.315,1.949,0.616,0.2583149903810785,0.325035161999078,0.30092909493113856,0.3295301895731116,1.9208483392091846,1.9816013359786373,0.6072368201993266,0.6235947818063451,0.4521680000000001,0.41800912513697486,0.48177245948113323,0.296,0.325,2.023,0.622,0.26973484785674406,0.32468201215608516,0.3129107966665778,0.3377507345322107,2.0070397209338635,2.0404882079555557,0.6143685079080323,0.6306999563089281,0.49361200000000016,0.46273498299589866,0.5288120232259228,1778.3391389846802,92.31784915924072,3017.650684118271,-0.010000000000000009,-0.03333333333333337,-0.0040000000000000036,-0.013333333333333346,-0.0090146113196663,-0.02782161978112976,0.0009853886803337097,0.0030411859401042415,-0.050999999999999934,-0.025499999999999967,0.02300000000000013,0.011500000000000066,-0.047831999999999875,-0.09566399999999975,-0.006387999999999838,-0.012775999999999677
51,1.0,0.3,0.26010253226263896,2.0,0.0,0.5,0.317,0.257,1.952,0.633,0.28182713107504703,0.35169162601214543,0.2436584424267436,0.269052081494471,1.923201702233224,1.9829994206184407,0.624704524686421,0.6417368823090877,0.5192320000000001,0.4868464643757875,0.5533407885346784,0.316,0.262,1.987,0.634,0.2845424993674513,0.3532140617917045,0.25047758245391005,0.2749723888849707,1.95413031504364,2.0177176521897993,0.6258052137193113,0.6420565394512167,0.5325160000000002,0.4999499193205432,0.5645326877791352,1952.8145933151245,113.72762870788574,851.0040891170502,0.017000000000000015,0.05666666666666672,0.016000000000000014,0.053333333333333385,-0.0031025322626389573,-0.011928112485679956,0.0018974677373610471,0.007295075987361307,-0.04800000000000004,-0.02400000000000002,-0.0129999999999999,-0.00649999999999995,0.019232000000000138,0.038464000000000276,0.03251600000000021,0.06503200000000042
52,1.0,0.3,0.271717216109185,2.0,0.0,0.5,0.28,0.273,1.961,0.624,0.24413100445000663,0.31220532906797155,0.2585989002925062,0.28464231936728573,1.9318783271773685,1.9898556983713502,0.6157092330432861,0.6329434132072809,0.4863280000000001,0.453811611995768,0.5214040665989554,0.291,0.274,2.0,0.627,0.2550745191205159,0.3236185013122913,0.26158215578419597,0.2856037613342439,1.9671802972874821,2.0311464125025394,0.6187334884695629,0.6360328090509874,0.508,0.47493395387825155,0.5441312362039494,1876.4085161685944,131.9146716594696,935.8577256202698,-0.019999999999999962,-0.06666666666666654,-0.009000000000000008,-0.030000000000000027,0.0012827838908150424,0.004721025443965896,0.0022827838908150433,0.008401322240463943,-0.038999999999999924,-0.019499999999999962,0.0,0.0,-0.013671999999999906,-0.027343999999999813,0.008000000000000007,0.016000000000000014
53,1.0,0.3,0.4805800807233139,2.0,0.0,0.5,0.277,0.493,1.952,0.615,0.2537046123309863,0.2974661878697951,0.4751017964654316,0.5095144224508084,1.9205699627951567,1.9847839853785985,0.6069139115444427,0.6223523602255253,0.44896,0.41739191066950454,0.4776636143204507,0.315,0.484,2.02,0.622,0.29322205424681785,0.33460790456350636,0.46736415597899034,0.5010884940743744,1.985898571432907,2.0547983838273534,0.6147362554594482,0.6290271191063397,0.49288,0.4635344720561707,0.5212695611896123,1511.310553073883,94.19529914855957,714.0379931926727,-0.022999999999999965,-0.07666666666666655,0.015000000000000013,0.050000000000000044,0.01241991927668612,0.025843599797130763,0.003419919276686112,0.007116231849515782,-0.04800000000000004,-0.02400000000000002,0.020000000000000018,0.010000000000000009,-0.051039999999999974,-0.10207999999999995,-0.007120000000000015,-0.01424000000000003
54,1.0,0.3,0.43888820718257887,2.0,0.0,0.5,0.265,0.46,1.952,0.62,0.2406360756984017,0.2875476663030246,0.4434320449596763,0.4771946259057797,1.9204006578147303,1.9852197393113182,0.6113790650051457,0.6280390600805373,0.46848,0.434823869780089,0.4998644905544176,0.298,0.454,2.015,0.623,0.2759911709994604,0.3168355124789729,0.4378715877329334,0.4688808824683096,1.9798105833394561,2.046681779966338,0.6145807420217442,0.630973794180674,0.4956900000000002,0.46176039034762884,0.5278243905481164,1588.4283452033997,108.9955677986145,617.8058085441589,-0.034999999999999976,-0.11666666666666659,-0.0020000000000000018,-0.006666666666666673,0.02111179281742115,0.048102893793723144,0.015111792817421144,0.03443198648337022,-0.04800000000000004,-0.02400000000000002,0.015000000000000124,0.007500000000000062,-0.03151999999999999,-0.06303999999999998,-0.004309999999999814,-0.008619999999999628
55,1.0,0.3,0.17583654934644835,2.0,0.0,0.5,0.273,0.173,1.985,0.617,0.21700705699829118,0.32717175859504877,0.1613405221896896,0.18433753260061334,1.9559765763114763,2.018378099346041,0.6084451422754052,0.625475280025444,0.46448999999999985,0.430527214833359,0.4981368617010127,0.263,0.177,2.006,0.616,0.21678693301483573,0.3119232978021018,0.1658429507898594,0.18749625343631388,1.9779636831610063,2.035486827260341,0.6077227082642471,0.625818421833075,0.46539200000000003,0.43218350555615936,0.5047835083942971,2105.851622581482,92.3775863647461,594.2824892997742,-0.02699999999999997,-0.0899999999999999,-0.03699999999999998,-0.12333333333333327,-0.0028365493464483638,-0.016131739146333843,0.0011634506535516398,0.0066166599485486316,-0.014999999999999902,-0.007499999999999951,0.005999999999999783,0.0029999999999998916,-0.03551000000000015,-0.0710200000000003,-0.03460799999999997,-0.06921599999999994
56,1.0,0.3,0.7795682205395886,2.0,0.0,0.5,0.258,0.815,1.968,0.61,0.24251228744045328,0.27592767320154143,0.7938010958625851,0.8394687062344025,1.9289524745791973,2.003797438292597,0.6027500250141744,0.6166423879035501,0.43296,0.4044240984557903,0.45910443878837315,0.305,0.793,2.038,0.619,0.2889266226914565,0.3194330328674512,0.7692743560770967,0.8167746965552363,2.0010882023258976,2.0780886939531973,0.611259255594735,0.6252016010859407,0.4850439999999998,0.45349272580414013,0.5103217260262944,1551.8243250846863,166.67164731025696,997.1773722171783,-0.04199999999999998,-0.13999999999999996,0.0050000000000000044,0.016666666666666684,0.03543177946041132,0.045450518026359174,0.013431779460411408,0.01722976784650665,-0.03200000000000003,-0.016000000000000014,0.03799999999999981,0.018999999999999906,-0.06703999999999999,-0.13407999999999998,-0.014956000000000191,-0.029912000000000383
57,1.0,0.3,0.3558764175832672,2.0,0.0,0.5,0.263,0.362,1.968,0.628,0.23418734846694478,0.28580586338558917,0.34878691518410393,0.3778089317566821,1.9339112636359956,2.0014033075262048,0.6201945869477845,0.6366745495839942,0.5038079999999998,0.47308589422647973,0.5379510271626011,0.287,0.358,2.015,0.631,0.26056846150734725,0.3107205220472625,0.3437570495248528,0.372954672816512,1.9831621357900486,2.0449404645413654,0.6228403647100192,0.6391342255648379,0.52793,0.4950466697813778,0.5607109290262966,1991.7404658794403,95.32985043525696,1043.3924086093903,-0.03699999999999998,-0.12333333333333327,-0.013000000000000012,-0.043333333333333376,0.006123582416732776,0.017207047486646098,0.002123582416732772,0.005967190608340607,-0.03200000000000003,-0.016000000000000014,0.015000000000000124,0.007500000000000062,0.0038079999999998115,0.007615999999999623,0.02793000000000001,0.05586000000000002
58,1.0,0.3,1.6408156168663328,2.0,0.0,0.5,0.275,1.643,1.956,0.618,0.26249891978834883,0.28598567131170716,1.5980137191258206,1.682767630596645,1.9122213291690326,1.9953817824569446,0.6118922330215713,0.6227355664914869,0.4616159999999998,0.43772241558038694,0.4801415361146968,0.301,1.649,2.024,0.624,0.28999278078703256,0.3109779269706242,1.6063065929736335,1.6892109764984942,1.9856591903666585,2.069765253364435,0.6189342771294558,0.6288677254238642,0.5019520000000002,0.4814459538200371,0.5216565525158021,603.3409199714661,131.02550959587097,952.4554874897003,-0.024999999999999967,-0.08333333333333323,0.0010000000000000009,0.0033333333333333366,0.0021843831336672004,0.0013312788537684602,0.008184383133667206,0.004987996853234446,-0.04400000000000004,-0.02200000000000002,0.02400000000000002,0.01200000000000001,-0.038384000000000196,-0.07676800000000039,0.0019520000000001758,0.0039040000000003516
59,1.0,0.3,0.11179504311674074,2.0,0.0,0.5,0.356,0.104,1.988,0.625,0.2780150282131726,0.427511769089129,0.09359946027677289,0.11484738942307357,1.957491417145075,2.0131447070996686,0.616231313754524,0.6332027417513544,0.4969999999999999,0.4621357034879874,0.5296141012033848,0.333,0.107,1.998,0.625,0.2654884166899106,0.4060571604924351,0.09694536789210963,0.11721791935859316,1.9681758343144005,2.028972228024314,0.6163426627102654,0.6334417052919807,0.49950000000000006,0.4649052801902205,0.5332330543467549,2268.943557024002,102.64410066604614,786.4655311107635,0.055999999999999994,0.18666666666666665,0.03300000000000003,0.1100000000000001,-0.007795043116740744,-0.06972619625541766,-0.004795043116740741,-0.04289137499355468,-0.01200000000000001,-0.006000000000000005,-0.0020000000000000018,-0.0010000000000000009,-0.0030000000000001137,-0.006000000000000227,-0.0004999999999999449,-0.0009999999999998899
60,1.0,0.3,0.6089096242419552,2.0,0.0,0.5,0.26,0.623,1.958,0.621,0.23758570818827343,0.2782944797143063,0.602523643452663,0.6420297035351096,1.9222784293686714,1.9924212139987987,0.6125971850359585,0.6290783759452574,0.47383600000000015,0.44093057660081336,0.5054709202016279,0.306,0.607,2.026,0.627,0.2879483342188772,0.324850029526192,0.5888351664299095,0.6257178261663332,1.9899272063593458,2.0621679624881963,0.6180334122137127,0.6342451857507881,0.5146039999999998,0.47827138628996346,0.5439614926621936,1319.734260559082,99.26037979125977,743.6023955345154,-0.03999999999999998,-0.13333333333333328,0.006000000000000005,0.020000000000000018,0.014090375758044837,0.023140340039108847,-0.0019096242419551768,-0.0031361373936772794,-0.04200000000000004,-0.02100000000000002,0.0259999999999998,0.0129999999999999,-0.026163999999999854,-0.05232799999999971,0.01460399999999984,0.02920799999999968
61,1.0,0.3,1.0266867592931814,2.0,0.0,0.5,0.269,1.056,1.93,0.611,0.25373621418482245,0.2833996322071285,1.0278128529985255,1.0842433522668111,1.8851433462625433,1.9671161219253994,0.6050412656851357,0.618053195989338,0.42846000000000006,0.40545928554462374,0.45568533651884446,0.316,1.037,2.001,0.619,0.30283274963621865,0.33061700513629083,1.0069228938217776,1.0638745657603785,1.9626145131412456,2.0399533571445616,0.6120863429549143,0.6249850339789723,0.47623799999999994,0.44856954450556685,0.5001901059838474,897.2353687286377,116.61479330062866,873.4359509944916,-0.030999999999999972,-0.10333333333333325,0.016000000000000014,0.053333333333333385,0.029313240706818622,0.02855129906126306,0.010313240706818494,0.010045167733456118,-0.07000000000000006,-0.03500000000000003,0.0009999999999998899,0.0004999999999999449,-0.07153999999999994,-0.14307999999999987,-0.02376200000000006,-0.04752400000000012
62,1.0,0.3,0.25452031027618727,2.0,0.0,0.5,0.277,0.247,1.964,0.62,0.2409206334929589,0.3147868629270563,0.23535370517514828,0.2586980155498468,1.9337841982105557,1.9931716325789595,0.6112751406967585,0.6289647623891185,0.4713599999999998,0.4370887526568672,0.5065735866644574,0.28,0.249,1.997,0.621,0.2422390720413805,0.3152606172191996,0.23493437428931646,0.2599384235561293,1.966312860056088,2.026521486044773,0.6131730826313473,0.6286193665465755,0.483274,0.45201329202960117,0.5137057499870223,2022.256382226944,115.36649417877197,817.6801021099091,-0.022999999999999965,-0.07666666666666655,-0.019999999999999962,-0.06666666666666654,-0.00752031027618727,-0.029546994768420508,-0.005520310276187268,-0.021689075697719454,-0.03600000000000003,-0.018000000000000016,-0.0029999999999998916,-0.0014999999999999458,-0.02864000000000022,-0.05728000000000044,-0.01672600000000002,-0.03345200000000004
63,1.0,0.3,0.2612545416522014,2.0,0.0,0.5,0.293,0.251,1.987,0.625,0.25671988755914266,0.3285534067141136,0.23922620201082515,0.2653772637893173,1.9582213156576762,2.019016535994126,0.6177704323363755,0.634031295404269,0.49675,0.4680196981047562,0.532640367936565,0.291,0.257,2.026,0.629,0.25600070070026526,0.3244292330746768,0.24529669541382423,0.27061375258573667,1.9972618976850887,2.057050941574227,0.6209185967259386,0.6376498963758254,0.5227080000000002,0.4899621539335035,0.5577573801148441,1888.3327069282532,107.05580759048462,720.0841336250305,-0.007000000000000006,-0.023333333333333355,-0.009000000000000008,-0.030000000000000027,-0.01025454165220141,-0.03925115172104034,-0.004254541652201405,-0.016285043794053232,-0.0129999999999999,-0.00649999999999995,0.0259999999999998,0.0129999999999999,-0.003249999999999975,-0.00649999999999995,0.022708000000000172,0.045416000000000345
64,1.0,0.3,0.31026419767553914,2.0,0.0,0.5,0.282,0.311,1.963,0.626,0.2496440103303093,0.31516886502028146,0.2981968178228569,0.32584777324662784,1.9311101074110482,1.9944436194533521,0.6172327473405039,0.6350278958639161,0.4946760000000001,0.46025576605881824,0.5301195191617345,0.292,0.315,2.013,0.63,0.26232087637227375,0.3214096790029148,0.301550509748361,0.32921649770375305,1.9797286479269063,2.0428913082239286,0.6225228668332758,0.6376779379215342,0.52338,0.4932770618707685,0.5542913780720964,1779.7500557899475,87.6615891456604,854.049934387207,-0.018000000000000016,-0.06000000000000005,-0.008000000000000007,-0.026666666666666693,0.0007358023244608547,0.0023715347435295285,0.004735802324460858,0.015263773132513843,-0.03699999999999992,-0.01849999999999996,0.0129999999999999,0.00649999999999995,-0.005323999999999884,-0.010647999999999769,0.023379999999999956,0.04675999999999991
65,1.0,0.3,0.27589414117452743,2.0,0.0,0.5,0.3,0.269,1.966,0.618,0.26237830293460157,0.33819152088136706,0.2546774666370993,0.2815329976182736,1.9331749666634233,1.9938825319084348,0.6098396022838067,0.6269327245662916,0.46397599999999994,0.4318893161799282,0.4990994729946585,0.298,0.275,2.009,0.621,0.26478839759146,0.32969494594622023,0.2633262224822137,0.2874784872101389,1.9776189880014872,2.0409493284852744,0.6124459478728272,0.6291704002661265,0.4861779999999998,0.45180781855301966,0.519006668269296,1878.0889210700989,103.9063811302185,525.4258029460907,0.0,0.0,-0.0020000000000000018,-0.006666666666666673,-0.006894141174527413,-0.02498835656740626,-0.0008941411745274075,-0.003240884966679246,-0.03400000000000003,-0.017000000000000015,0.008999999999999897,0.0044999999999999485,-0.036024000000000056,-0.07204800000000011,-0.013822000000000223,-0.027644000000000446
66,1.0,0.3,0.5798021767876654,2.0,0.0,0.5,0.252,0.605,1.932,0.617,0.2333782677296997,0.2753842227658912,0.5846118300740726,0.6245301616668346,1.8983088200789309,1.969375576315427,0.6090524342401159,0.6252705482129758,0.4520879999999998,0.4213786059038078,0.4840453982949384,0.299,0.591,2.001,0.623,0.28143698803550316,0.3182049346234038,0.5706618571412151,0.608620314471104,1.9653343153810192,2.0372803475377808,0.6154049757187007,0.6310225512378106,0.4922460000000002,0.4618507128262399,0.5243522500537181,1405.3628718852997,99.39624404907227,797.3790354728699,-0.04799999999999999,-0.15999999999999998,-0.0010000000000000009,-0.0033333333333333366,0.025197823212334547,0.043459345654651566,0.011197823212334534,0.019313178978345558,-0.06800000000000006,-0.03400000000000003,0.0009999999999998899,0.0004999999999999449,-0.04791200000000018,-0.09582400000000035,-0.007753999999999817,-0.015507999999999633
67,1.0,0.3,0.3555760160428056,2.0,0.0,0.5,0.269,0.351,1.949,0.619,0.24102004144100186,0.29800287370158607,0.33614716667140454,0.3652586609789924,1.9172757845502169,1.9786244186878363,0.6099142426121514,0.6272235104336752,0.463862,0.42844571770216633,0.49591724367046575,0.295,0.346,1.994,0.621,0.26527320767113405,0.3194027406927245,0.3334658706757955,0.36196614621637885,1.9636068128760367,2.024892963582794,0.6125598810913242,0.6292093218194884,0.4825480000000002,0.4488888057922009,0.5152867754161197,1789.4866456985474,101.3758614063263,651.8250186443329,-0.030999999999999972,-0.10333333333333325,-0.0050000000000000044,-0.016666666666666684,-0.0045760160428056085,-0.012869304554710827,-0.009576016042805613,-0.026930995373019805,-0.050999999999999934,-0.025499999999999967,-0.006000000000000005,-0.0030000000000000027,-0.036138,-0.072276,-0.0174519999999998,-0.0349039999999996
68,1.0,0.3,0.3839006789476319,2.0,0.0,0.5,0.277,0.38,1.959,0.618,0.2504028369424995,0.30390036757449407,0.36407066842726776,0.3948793440666993,1.9259299112797232,1.9887291634538518,0.6103379235962427,0.6270324863356059,0.4623240000000002,0.4323039846500789,0.49771328146290417,0.297,0.383,2.019,0.623,0.27430582156992145,0.3234199549382196,0.3708787406063239,0.39900360434664295,1.985949034391467,2.0492570391603313,0.614741228156751,0.631043527605741,0.49667400000000006,0.46332507929696076,0.5291537644719821,1999.7429735660553,158.43483638763428,951.9736309051514,-0.022999999999999965,-0.07666666666666655,-0.0030000000000000027,-0.010000000000000009,-0.003900678947631908,-0.010160646129422454,-0.0009006789476319055,-0.002346124914654729,-0.040999999999999925,-0.020499999999999963,0.019000000000000128,0.009500000000000064,-0.03767599999999982,-0.07535199999999964,-0.00332599999999994,-0.00665199999999988
69,1.0,0.3,0.5730040768343786,2.0,0.0,0.5,0.269,0.599,1.951,0.617,0.2501506210265804,0.28619001765630425,0.5791066288342955,0.6156349089835478,1.91850445927955,1.9871389644156763,0.609618425340377,0.6250878945111812,0.456534,0.42773109567815126,0.48809296438262884,0.309,0.586,2.022,0.625,0.2921882468969335,0.32933057716831876,0.567041429026557,0.6038566505777296,1.9872798438394568,2.057487053170555,0.6179814783412606,0.6332428961116591,0.5055000000000001,0.47711709841205785,0.5388342718755492,1370.081252336502,115.51286816596985,918.6398746967316,-0.030999999999999972,-0.10333333333333325,0.009000000000000008,0.030000000000000027,0.025995923165621382,0.04536778046892546,0.01299592316562137,0.022680332812671625,-0.04899999999999993,-0.024499999999999966,0.021999999999999797,0.010999999999999899,-0.043466000000000005,-0.08693200000000001,0.00550000000000006,0.01100000000000012
70,1.0,0.3,0.2514677471578974,2.0,0.0,0.5,0.298,0.253,1.961,0.617,0.26512712813518996,0.330925113757406,0.24061198492554878,0.26676892503726013,1.9354074448676284,1.991807407937446,0.6082515880265543,0.625323260154289,0.458874,0.42456272824014607,0.4915178263251214,0.305,0.255,1.994,0.62,0.26789483486364435,0.3377720768758986,0.24218359702733794,0.26839527564758736,1.9629579131047217,2.021527733077345,0.6112899323995605,0.6278617584003816,0.4785600000000001,0.4438242504094474,0.5099126925007218,1939.2012610435486,155.19532775878906,673.8407981395721,-0.0020000000000000018,-0.006666666666666673,0.0050000000000000044,0.016666666666666684,0.0015322528421026216,0.0060932380371647235,0.0035322528421026234,0.014046544266707534,-0.038999999999999924,-0.019499999999999962,-0.006000000000000005,-0.0030000000000000027,-0.041125999999999996,-0.08225199999999999,-0.021439999999999904,-0.04287999999999981
71,1.0,0.3,0.2854618799308917,2.0,0.0,0.5,0.317,0.288,1.972,0.627,0.2868087666344343,0.34744805185730454,0.274157042629304,0.30211993427442385,1.9371282696991756,2.002433178058567,0.6188872932554131,0.6360413496529607,0.5008880000000002,0.46889148459934926,0.5365470830312771,0.33,0.29,2.011,0.629,0.30043357578709873,0.3598386874876338,0.2768505675086499,0.30114483092963434,1.980317555895926,2.0437845596200663,0.6204165451315212,0.6370112110341853,0.5188380000000001,0.4843153445189783,0.5510590907794937,1842.4192140102386,178.78763389587402,742.9713060855865,0.017000000000000015,0.05666666666666672,0.030000000000000027,0.10000000000000009,0.0025381200691082517,0.008891274974167172,0.0045381200691082535,0.015897464383710005,-0.028000000000000025,-0.014000000000000012,0.01100000000000012,0.00550000000000006,0.0008880000000002219,0.0017760000000004439,0.018838000000000132,0.037676000000000265
72,1.0,0.3,0.33966986187379417,2.0,0.0,0.5,0.29,0.341,1.981,0.62,0.26163683900997514,0.3190314648776005,0.3257695143153748,0.35516567213815575,1.9477242749447752,2.010171963903074,0.6122408717464729,0.6285052892221933,0.4754400000000001,0.44469833385952584,0.50913795589833,0.309,0.338,2.027,0.622,0.28165892366464174,0.3349384501380904,0.3227254624567229,0.3533531008587688,1.993978106637723,2.0599223218758413,0.6130804012761455,0.6292579148973189,0.4945879999999998,0.45842794677349374,0.5240115869937307,1775.9770727157593,117.0319139957428,686.7784111499786,-0.010000000000000009,-0.03333333333333337,0.009000000000000008,0.030000000000000027,0.0013301381262058598,0.003915973347968324,-0.0016698618737941429,-0.004916131989403839,-0.018999999999999906,-0.009499999999999953,0.027000000000000135,0.013500000000000068,-0.024559999999999915,-0.04911999999999983,-0.005412000000000194,-0.010824000000000389
73,1.0,0.3,0.9699227549374262,2.0,0.0,0.5,0.251,0.985,1.936,0.618,0.23538730458561113,0.2654316004372872,0.9548188243549335,1.0115678043170415,1.8941307764681943,1.9711708027888115,0.6109652496218896,0.62516110696473,0.45689599999999997,0.4296574465359564,0.4846238061674346,0.29,0.977,2.021,0.628,0.27560852736149327,0.3032672077099357,0.950704833388265,1.0027968469161908,1.9829139927841153,2.0573254497553592,0.6209244041735272,0.6344206036101908,0.5173760000000001,0.48877644166939715,0.5433280797923912,973.8125469684601,105.09771513938904,933.0783619880676,-0.04899999999999999,-0.1633333333333333,-0.010000000000000009,-0.03333333333333337,0.015077245062573796,0.015544789505991632,0.007077245062573789,0.00729670999731352,-0.06400000000000006,-0.03200000000000003,0.020999999999999908,0.010499999999999954,-0.04310400000000003,-0.08620800000000006,0.017376000000000058,0.034752000000000116
74,1.0,0.3,0.2919930863200136,2.0,0.0,0.5,0.303,0.302,1.97,0.628,0.2711465168273985,0.3337802377225877,0.28876433232503196,0.317941892613658,1.9374323398234101,2.0011491096697154,0.6192870857642763,0.6368693942467525,0.5043200000000001,0.46999111791124837,0.5392654133322046,0.322,0.302,2.012,0.631,0.29476466637062915,0.3482114500721579,0.28850034286980264,0.31540083346976905,1.980212176925709,2.0433727349167845,0.623089484374329,0.6401177307160397,0.5271439999999998,0.49531208512229963,0.5638337484013438,1821.7365877628326,160.3054859638214,790.3614315986633,0.0030000000000000027,0.010000000000000009,0.02200000000000002,0.0733333333333334,0.010006913679986407,0.034271063764226256,0.010006913679986407,0.034271063764226256,-0.030000000000000027,-0.015000000000000013,0.01200000000000001,0.006000000000000005,0.0043200000000001015,0.008640000000000203,0.027143999999999835,0.05428799999999967
75,1.0,0.3,0.27818892934188527,2.0,0.0,0.5,0.277,0.29,1.984,0.625,0.24551134275364556,0.30783438595665435,0.2759562920147946,0.30346488180197173,1.9525321292255897,2.0161658069178503,0.616574434219912,0.6337289372581869,0.496,0.46256735498461055,0.5306364230404856,0.294,0.288,2.023,0.626,0.26030656009741787,0.32314489456182266,0.27663793825234617,0.3022879889510384,1.9877847153133446,2.054599103799452,0.6180578126598675,0.6352354901204388,0.5097960000000001,0.477661910021824,0.5471627930272955,1803.56351852417,148.80873799324036,638.4088535308838,-0.022999999999999965,-0.07666666666666655,-0.006000000000000005,-0.020000000000000018,0.011811070658114708,0.04245701180868805,0.009811070658114707,0.03526765310655916,-0.016000000000000014,-0.008000000000000007,0.02300000000000013,0.011500000000000066,-0.0040000000000000036,-0.008000000000000007,0.009796000000000138,0.019592000000000276
76,1.0,0.3,0.20608327740272156,2.0,0.0,0.5,0.253,0.192,1.973,0.626,0.2037196150555167,0.29489031716580777,0.17960669997154086,0.20316603725258817,1.940485092556573,1.999614575004775,0.6181540737567219,0.6355535409187828,0.49719599999999997,0.4662359750440246,0.534894272465517,0.261,0.193,1.996,0.626,0.21446119452778423,0.30441545365089046,0.18081474014317003,0.20331664338652153,1.9647663784556582,2.024323648116091,0.6179185666546354,0.634131504144946,0.5029919999999999,0.4707309180853043,0.5354529645466246,2045.1031532287598,96.11147356033325,700.8176651000977,-0.046999999999999986,-0.15666666666666662,-0.03899999999999998,-0.12999999999999995,-0.014083277402721556,-0.06833779809897167,-0.013083277402721555,-0.0634853907974038,-0.026999999999999913,-0.013499999999999956,-0.0040000000000000036,-0.0020000000000000018,-0.0028040000000000287,-0.005608000000000057,0.0029919999999998836,0.005983999999999767
77,1.0,0.3,0.38671769763006264,2.0,0.0,0.5,0.275,0.378,1.936,0.618,0.245817436086058,0.29947371081035723,0.36177343998616557,0.3931571651480365,1.9019403464750768,1.9623329798184397,0.6089922767631677,0.6260176338170442,0.45689599999999997,0.42201809562698545,0.4879402781395954,0.298,0.374,1.986,0.624,0.2742609055189841,0.3253616383672322,0.36073308721995406,0.3898784375881067,1.954546114697852,2.0179123883837202,0.6154141963264459,0.6317116328184522,0.49252799999999985,0.45842518780864316,0.5231586055548922,1725.4982459545135,165.7615864276886,656.2813079357147,-0.024999999999999967,-0.08333333333333323,-0.0020000000000000018,-0.006666666666666673,-0.008717697630062637,-0.022542794610868985,-0.012717697630062641,-0.03288625710175927,-0.06400000000000006,-0.03200000000000003,-0.014000000000000012,-0.007000000000000006,-0.04310400000000003,-0.08620800000000006,-0.007472000000000145,-0.01494400000000029
78,1.0,0.3,0.25953323360403097,2.0,0.0,0.5,0.303,0.259,1.962,0.621,0.2682049932531589,0.3389692860284005,0.2458045805301029,0.270942184876859,1.93494091976366,1.9938161981308142,0.611983418021012,0.6305074439138599,0.474804,0.4394229323144512,0.5121112099179863,0.308,0.262,1.996,0.623,0.27670966460031576,0.34262575140557744,0.24858640058573764,0.2750442120900276,1.966212770195133,2.0281450377314663,0.6136360775544535,0.6307147030751175,0.4910160000000001,0.45363522159737846,0.5218130946758688,1923.4333889484406,96.22302079200745,674.1538727283478,0.0030000000000000027,0.010000000000000009,0.008000000000000007,0.026666666666666693,-0.0005332336040309582,-0.0020545869853589196,0.0024667663959690445,0.009504626292802956,-0.038000000000000034,-0.019000000000000017,-0.0040000000000000036,-0.0020000000000000018,-0.025195999999999996,-0.05039199999999999,-0.008983999999999881,-0.017967999999999762
79,1.0,0.3,0.5265564603664423,2.0,0.0,0.5,0.26,0.536,1.918,0.619,0.2372859532649772,0.28135353977782235,0.5171513944771263,0.554348139331904,1.8851943908220516,1.9512017894905607,0.6117299968211665,0.6284813994638354,0.4564839999999999,0.4285962678059947,0.49285464834327253,0.297,0.531,1.997,0.628,0.2759383828497108,0.31682373742011727,0.5105631528950121,0.5462985258669887,1.9663707628058131,2.0284869183128356,0.6205610210660933,0.6350249314191564,0.5112319999999999,0.48152071813797703,0.5392895760881105,1414.3023161888123,100.1013720035553,995.1394872665405,-0.03999999999999998,-0.13333333333333328,-0.0030000000000000027,-0.010000000000000009,0.009443539633557707,0.017934524299608325,0.004443539633557703,0.008438866423679133,-0.08200000000000007,-0.041000000000000036,-0.0029999999999998916,-0.0014999999999999458,-0.04351600000000011,-0.08703200000000022,0.011231999999999909,0.022463999999999817
80,1.0,0.3,1.3175750710028575,2.0,0.0,0.5,0.261,1.282,1.914,0.612,0.2469322756600999,0.2748815059866892,1.2482208159647465,1.3195381320238257,1.8711826166856018,1.9558903864046648,0.6066300130189349,0.6187197182426347,0.428736,0.4081796898364829,0.45445908143280556,0.297,1.287,1.993,0.62,0.28343221851227846,0.30814092291453066,1.2563152815060648,1.319849343021532,1.9536292195600458,2.0323719498354813,0.6146225422698843,0.6260887539133443,0.47831999999999986,0.4568854534877589,0.5025897730985902,706.6861088275909,118.55747485160828,702.3917038440704,-0.03899999999999998,-0.12999999999999995,-0.0030000000000000027,-0.010000000000000009,-0.035575071002857506,-0.027000412944804684,-0.030575071002857612,-0.02320556276128216,-0.08600000000000008,-0.04300000000000004,-0.006999999999999895,-0.0034999999999999476,-0.071264,-0.142528,-0.021680000000000144,-0.04336000000000029
81,1.0,0.3,0.7995917229908087,2.0,0.0,0.5,0.245,0.826,1.93,0.611,0.22695585514375308,0.2617668598330471,0.8002494799898918,0.8496696095135234,1.8909944521173436,1.966464273325836,0.6031875393887332,0.6180230019043946,0.42846000000000006,0.3983039020405099,0.4555687873509633,0.299,0.798,1.997,0.619,0.28482124665875164,0.3146180659797974,0.7739759754924854,0.8179597141039422,1.9574140047066033,2.028321728682559,0.6121888958741644,0.6270215795664373,0.4752859999999999,0.4480824501214127,0.5073241887883506,1268.3784883022308,105.07401490211487,1164.534204006195,-0.05499999999999999,-0.18333333333333332,-0.0010000000000000009,-0.0033333333333333366,0.02640827700919124,0.033027201570337915,-0.001591722990808675,-0.001990669669334448,-0.07000000000000006,-0.03500000000000003,-0.0029999999999998916,-0.0014999999999999458,-0.07153999999999994,-0.14307999999999987,-0.024714000000000125,-0.04942800000000025
82,1.0,0.3,0.6820488179552819,2.0,0.0,0.5,0.241,0.722,1.975,0.612,0.22187017043646243,0.25721657514410373,0.7011453860029481,0.7445375014235712,1.9360724910795246,2.0083328424049736,0.60470571469849,0.6200788461345283,0.4424000000000001,0.4135875730590355,0.4743114422313872,0.292,0.697,2.049,0.62,0.27537109348572136,0.3082957093191133,0.6759262892233997,0.7170935228091899,2.016332822010959,2.091322897135733,0.6119901835968928,0.6264656042212011,0.49175999999999975,0.4589357723800669,0.518256046098482,1293.1315274238586,98.86339402198792,920.256739616394,-0.059,-0.19666666666666666,-0.008000000000000007,-0.026666666666666693,0.03995118204471804,0.05857525296281271,0.014951182044718014,0.021920985200942433,-0.02499999999999991,-0.012499999999999956,0.04899999999999993,0.024499999999999966,-0.057599999999999874,-0.11519999999999975,-0.008240000000000247,-0.016480000000000494
83,1.0,0.3,0.33342647604728043,2.0,0.0,0.5,0.273,0.341,1.952,0.623,0.24694312887057066,0.3038864302819454,0.32585657265851975,0.3548966650444354,1.9180628168309815,1.9845173644720242,0.6142993400807822,0.6322999596376131,0.4801920000000002,0.44622462367537397,0.5164990424252416,0.297,0.339,1.998,0.626,0.2666426951889131,0.3232918900111414,0.3250399057346439,0.3527184446461696,1.9675242741585555,2.0299416688794216,0.6181317995128331,0.634332963671772,0.5034959999999999,0.4720546708532811,0.5367945228324011,1772.9703283309937,97.33595323562622,658.0457625389099,-0.02699999999999997,-0.0899999999999999,-0.0030000000000000027,-0.010000000000000009,0.007573523952719596,0.022714224864511533,0.0055735239527195946,0.016715900965012926,-0.04800000000000004,-0.02400000000000002,-0.0020000000000000018,-0.0010000000000000009,-0.019807999999999826,-0.03961599999999965,0.0034959999999999436,0.006991999999999887
84,1.0,0.3,0.16593411336526162,2.0,0.0,0.5,0.258,0.154,1.984,0.618,0.20240243672094632,0.310300156784306,0.1439896615348239,0.1666530925861926,1.9554129165959524,2.0126475460736795,0.6089773111478806,0.6265300493948027,0.46822399999999975,0.43242197063479004,0.5020712359985771,0.245,0.159,2.005,0.62,0.19017499432910612,0.2941899590372009,0.14745576219297613,0.16963411931958616,1.9759344055630024,2.0319439437966844,0.6115685623731325,0.6295987255809575,0.48119999999999985,0.44738993511626113,0.5196908895796395,2424.8757269382477,104.89973402023315,1009.4328775405884,-0.04199999999999998,-0.13999999999999996,-0.05499999999999999,-0.18333333333333332,-0.011934113365261623,-0.07192079508685303,-0.006934113365261618,-0.041788353368893694,-0.016000000000000014,-0.008000000000000007,0.004999999999999893,0.0024999999999999467,-0.03177600000000025,-0.0635520000000005,-0.01880000000000015,-0.0376000000000003
85,1.0,0.3,0.3006458298541636,2.0,0.0,0.5,0.284,0.297,1.959,0.623,0.2488736158625321,0.31667304952570935,0.28408176361278703,0.31123842545117963,1.927489355072829,1.9864396327644922,0.6136344891206206,0.630542802861802,0.4819140000000002,0.44521992837459123,0.51146670161254,0.297,0.3,2.003,0.625,0.264330404247229,0.3265349038895793,0.2868581596184192,0.3130294749422647,1.9732707687397062,2.0360534825141356,0.6167472827453463,0.6334161590522527,0.50075,0.4676896146778571,0.5344651331633243,1832.1888673305511,97.9657347202301,567.016695022583,-0.016000000000000014,-0.053333333333333385,-0.0030000000000000027,-0.010000000000000009,-0.003645829854163618,-0.012126660316333429,-0.0006458298541636154,-0.0021481417336701213,-0.040999999999999925,-0.020499999999999963,0.0030000000000001137,0.0015000000000000568,-0.018085999999999824,-0.03617199999999965,0.0007500000000000284,0.0015000000000000568
86,1.0,0.3,1.3094480642080373,2.0,0.0,0.5,0.265,1.301,1.909,0.618,0.25092601950932664,0.28113832571397385,1.2678109804164828,1.3374290592022866,1.8685831868296385,1.949177645652792,0.6126938484385756,0.6246717133337344,0.4505239999999999,0.4302651133384814,0.475996601508198,0.301,1.303,1.987,0.627,0.28831511479187366,0.31329233940564166,1.270399832688784,1.34081449701082,1.9418257918029094,2.0240867622218652,0.6212011358464383,0.6328513322375858,0.5046979999999999,0.48165331385374577,0.5279511943121662,712.4446640014648,107.27192568778992,847.4634914398193,-0.034999999999999976,-0.11666666666666659,0.0010000000000000009,0.0033333333333333366,-0.008448064208037342,-0.006451622205533434,-0.006448064208037341,-0.004924261132828641,-0.09099999999999997,-0.045499999999999985,-0.0129999999999999,-0.00649999999999995,-0.049476000000000075,-0.09895200000000015,0.004697999999999869,0.009395999999999738
87,1.0,0.3,0.4879102157523218,2.0,0.0,0.5,0.257,0.502,1.953,0.618,0.23511306081754638,0.2814078140857456,0.48310391815298803,0.5209343500269035,1.9173279382079753,1.9880374587851055,0.6095486368465933,0.6265910412541771,0.4609080000000001,0.4278969755227935,0.4944646071388157,0.296,0.491,2.014,0.62,0.2721746302874519,0.31597069847659187,0.47468287165809175,0.5087276689956355,1.9802320566682923,2.0510699599185327,0.6112996967786226,0.6289003356377036,0.4833599999999998,0.4483151786242918,0.51921055194867,1570.9592728614807,104.0016040802002,756.6294100284576,-0.04299999999999998,-0.14333333333333328,-0.0040000000000000036,-0.013333333333333346,0.014089784247678205,0.028877821764712982,0.0030897842476781956,0.0063326902120997295,-0.04699999999999993,-0.023499999999999965,0.01399999999999979,0.006999999999999895,-0.039091999999999905,-0.07818399999999981,-0.01664000000000021,-0.03328000000000042
88,1.0,0.3,0.9143175971168899,2.0,0.0,0.5,0.272,0.965,1.978,0.612,0.25559341401226354,0.2868076197366288,0.9399696564954348,0.9938430750577574,1.94086988963202,2.019058861031987,0.6051454831742467,0.6196849400522967,0.44307200000000013,0.41595553143731956,0.47347362284688566,0.319,0.949,2.051,0.62,0.3039614482047158,0.3317045005496195,0.9252725700695927,0.9755465722507063,2.0171489016598376,2.0954256742795554,0.6136263879062613,0.6269649838382347,0.49224000000000023,0.4660954431914841,0.520810363704439,1028.7011380195618,107.45674061775208,765.7954461574554,-0.02799999999999997,-0.09333333333333324,0.019000000000000017,0.0633333333333334,0.0506824028831101,0.05543194513911413,0.034682402883110086,0.037932555375149536,-0.02200000000000002,-0.01100000000000001,0.051000000000000156,0.025500000000000078,-0.05692799999999987,-0.11385599999999974,-0.007759999999999767,-0.015519999999999534
89,1.0,0.3,0.3250271253023165,2.0,0.0,0.5,0.293,0.317,1.945,0.622,0.2591957022954832,0.32226969161509755,0.30256827947012566,0.3306707188675058,1.9145278708125724,1.9766957699918644,0.6135458757165144,0.6295955389332024,0.4745800000000002,0.441693456537241,0.5041266464501575,0.309,0.318,1.987,0.623,0.28007608887535274,0.3375766063837638,0.3036071540654704,0.3291970641313908,1.9554737366517931,2.018323180806334,0.6153954728340064,0.631612352030244,0.4888020000000002,0.4585816090423416,0.5230274869681897,1778.072501897812,103.93782567977905,692.8626973628998,-0.007000000000000006,-0.023333333333333355,0.009000000000000008,0.030000000000000027,-0.008027125302316473,-0.024696785829337254,-0.007027125302316473,-0.02162011953857806,-0.05499999999999994,-0.02749999999999997,-0.0129999999999999,-0.00649999999999995,-0.025419999999999776,-0.05083999999999955,-0.01119799999999982,-0.02239599999999964
90,1.0,0.3,0.4067426986080217,2.0,0.0,0.5,0.279,0.406,1.934,0.617,0.2533171965691963,0.30570656413191916,0.3899670909188638,0.4221773295189294,1.9025596176744575,1.9653344124694379,0.609414404657216,0.62689062377905,0.4525560000000002,0.4232149172141113,0.4908129327773654,0.313,0.397,1.985,0.622,0.28778071060827864,0.33362372781141186,0.3814826632389915,0.412344925801271,1.9501989785701517,2.0148441905929735,0.6137788420984504,0.6301088964402854,0.4843400000000002,0.45170200313084785,0.5165323188679334,1624.6730949878693,94.80847644805908,669.5002312660217,-0.020999999999999963,-0.06999999999999988,0.013000000000000012,0.043333333333333376,-0.0007426986080216746,-0.0018259666628642152,-0.009742698608021683,-0.02395297725408153,-0.06600000000000006,-0.03300000000000003,-0.014999999999999902,-0.007499999999999951,-0.04744399999999982,-0.09488799999999964,-0.015659999999999785,-0.03131999999999957
91,1.0,0.3,0.3231910104516824,2.0,0.0,0.5,0.273,0.325,1.953,0.617,0.24042321241674292,0.3026223603244955,0.31119854458037355,0.3390747502877594,1.9212423734170319,1.9850626681423413,0.608238184833904,0.6252161080241996,0.4570019999999999,0.4227783499612292,0.48909411794252367,0.296,0.323,1.996,0.619,0.2688920129427825,0.32304015910491973,0.308946103326417,0.3365266447124795,1.9640658607800647,2.0256700205764973,0.6106086623285655,0.6272839848495391,0.47504800000000014,0.44154978001563316,0.5081176675193602,2113.476952791214,107.61321210861206,1132.6280581951141,-0.02699999999999997,-0.0899999999999999,-0.0040000000000000036,-0.013333333333333346,0.0018089895483175966,0.005597276810977524,-0.00019101045168240516,-0.0005910141232438813,-0.04699999999999993,-0.023499999999999965,-0.0040000000000000036,-0.0020000000000000018,-0.04299800000000009,-0.08599600000000018,-0.024951999999999863,-0.049903999999999726
92,1.0,0.3,0.7699058138193379,2.0,0.0,0.5,0.252,0.771,1.928,0.616,0.23477508309619802,0.26990331863934536,0.750852728286083,0.7946605865471982,1.893683450747137,1.9676248934512246,0.6083932737453919,0.6234491389107457,0.44729600000000014,0.4179644635622308,0.4760198796398356,0.305,0.754,2.0,0.625,0.28727780150771365,0.321535897476258,0.7336592849401649,0.7762088577608468,1.960507403005472,2.0365566006076397,0.6176727799606098,0.632132605904785,0.5,0.47069111984243905,0.5285304236191402,1125.3600299358368,100.510990858078,667.3325228691101,-0.04799999999999999,-0.15999999999999998,0.0050000000000000044,0.016666666666666684,0.001094186180662149,0.001421194853996654,-0.015905813819337866,-0.020659428119437794,-0.07200000000000006,-0.03600000000000003,0.0,0.0,-0.05270399999999986,-0.10540799999999972,0.0,0.0
93,1.0,0.3,0.6352832655745008,2.0,0.0,0.5,0.26,0.655,1.949,0.617,0.240599546048107,0.2782056167221174,0.6352929447334948,0.6756393309249864,1.9139494866772968,1.9847023375665702,0.6093003157082688,0.6249265430408005,0.4560660000000001,0.42605263063083165,0.48696366477304065,0.303,0.639,2.022,0.625,0.2865324260219768,0.3201403190539503,0.6217538351896061,0.6588658867671634,1.9907657747110654,2.0585558678373848,0.6174403208814089,0.6324962578432385,0.5055000000000001,0.4749286576444174,0.5358148667180562,1367.0693409442902,133.1669397354126,744.7438552379608,-0.03999999999999998,-0.13333333333333328,0.0030000000000000027,0.010000000000000009,0.01971673442549926,0.031036130642712555,0.0037167344254992463,0.005850515237699707,-0.050999999999999934,-0.025499999999999967,0.021999999999999797,0.010999999999999899,-0.04393399999999992,-0.08786799999999984,0.00550000000000006,0.01100000000000012
94,1.0,0.3,0.44966928307676524,2.0,0.0,0.5,0.259,0.439,1.939,0.622,0.23485924802138455,0.28311789344652877,0.4229818481248943,0.4572566707035342,1.905847266163893,1.9723024250504329,0.6136032483453373,0.6297768343082412,0.4731160000000001,0.4405533970832183,0.5032745634473592,0.289,0.432,2.0,0.628,0.26640380407755787,0.31329042830728615,0.4172124385394489,0.4489536155319897,1.9660278713006576,2.0313152251211983,0.6205305293308928,0.6373942485503341,0.512,0.48212211732357124,0.5495769942013364,1600.6147456169128,99.16587376594543,711.3235094547272,-0.04099999999999998,-0.1366666666666666,-0.01100000000000001,-0.0366666666666667,-0.010669283076765235,-0.023726955516647618,-0.01766928307676524,-0.03929395167014072,-0.06099999999999994,-0.03049999999999997,0.0,0.0,-0.026883999999999908,-0.053767999999999816,0.01200000000000001,0.02400000000000002
95,1.0,0.3,0.8832351668156015,2.0,0.0,0.5,0.249,0.912,1.94,0.613,0.23235915840219803,0.2643828738665345,0.8879874243769178,0.9412301356084027,1.9030109259607662,1.9806946008915416,0.6060226458508546,0.6198574139533433,0.43843999999999994,0.4113678659013158,0.4650467661389719,0.299,0.893,2.014,0.624,0.2850443197420529,0.316520235850772,0.8676264997404736,0.9182150964031607,1.9766004477570014,2.053837278545358,0.6181073936441894,0.6317152230530699,0.4994719999999999,0.47573658159879484,0.5305489184577654,1033.685952425003,104.5207269191742,711.1898610591888,-0.05099999999999999,-0.16999999999999998,-0.0010000000000000009,-0.0033333333333333366,0.028764833184398486,0.03256758139296768,0.00976483318439847,0.011055756780614164,-0.06000000000000005,-0.030000000000000027,0.01399999999999979,0.006999999999999895,-0.06156000000000006,-0.12312000000000012,-0.000528000000000084,-0.001056000000000168
96,1.0,0.3,0.6008018404310216,2.0,0.0,0.5,0.258,0.624,1.954,0.62,0.23931037749776235,0.2763048234086619,0.6040445201517037,0.6457989719227504,1.9161988260788811,1.984864711260641,0.6128186769058707,0.6285473368075943,0.4689599999999998,0.44089538934814265,0.5023629922440789,0.305,0.598,2.014,0.626,0.28811870017012914,0.3225135081140309,0.5796453614897014,0.6166982525263802,1.9785353726285384,2.0491499954438313,0.6181607114988131,0.6336497959739664,0.5075279999999998,0.4759513459172191,0.5383413781831368,1365.7286052703857,96.80604648590088,862.8127806186676,-0.04199999999999998,-0.13999999999999996,0.0050000000000000044,0.016666666666666684,0.023198159568978416,0.0386119981795259,-0.002801840431021607,-0.00466350174462105,-0.04600000000000004,-0.02300000000000002,0.01399999999999979,0.006999999999999895,-0.03104000000000018,-0.06208000000000036,0.007527999999999757,0.015055999999999514
97,1.0,0.3,0.6626067463217066,2.0,0.0,0.5,0.231,0.661,1.893,0.61,0.21300990876603906,0.2516747792792551,0.6406345462739618,0.6837348300394853,1.8554080399253783,1.926705736838485,0.6026471052766379,0.618462896092176,0.41646000000000005,0.388621940577351,0.448500524604978,0.285,0.636,1.966,0.62,0.2671600149417403,0.3024867187901184,0.6164560538993064,0.6546138524424012,1.9303637309474602,1.9980202313911242,0.6123205552450484,0.6277326852419481,0.47184000000000004,0.4416444232235299,0.5022449183713402,1256.9880089759827,135.31729435920715,809.0730497837067,-0.06899999999999998,-0.22999999999999993,-0.015000000000000013,-0.050000000000000044,-0.0016067463217065425,-0.0024248867531548503,-0.026606746321706565,-0.04015465654312633,-0.10699999999999998,-0.05349999999999999,-0.03400000000000003,-0.017000000000000015,-0.08353999999999995,-0.1670799999999999,-0.028159999999999963,-0.056319999999999926
98,1.0,0.3,0.7021859352682063,2.0,0.0,0.5,0.247,0.732,1.927,0.613,0.22818390777263262,0.2639582994301079,0.7086024827107519,0.7528373964559005,1.8925556687874776,1.9653396950095252,0.6054088202757588,0.6200342017521667,0.43550200000000006,0.40624559334277466,0.46261181355285075,0.299,0.703,1.999,0.625,0.2838027883151623,0.3154472924616844,0.6832771175284647,0.7252490161163828,1.9588893615658067,2.0351596302047077,0.6179673311369068,0.6321849266669994,0.49975000000000014,0.4716333898853535,0.528475336814664,1184.7732799053192,125.53024053573608,665.8939783573151,-0.05299999999999999,-0.17666666666666664,-0.0010000000000000009,-0.0033333333333333366,0.02981406473179371,0.042458931793337554,0.0008140647317936844,0.0011593293042572051,-0.07299999999999995,-0.03649999999999998,-0.0009999999999998899,-0.0004999999999999449,-0.06449799999999994,-0.1289959999999999,-0.00024999999999986144,-0.0004999999999997229
99,1.0,0.3,0.5533749587343023,2.0,0.0,0.5,0.268,0.562,1.945,0.615,0.24496947121739643,0.28768008365283515,0.5424512816849497,0.5809756885070292,1.9078822595297078,1.9808010790873434,0.6060913879617348,0.6220761487983362,0.4473499999999999,0.41269549917114845,0.4748762188255278,0.304,0.556,2.019,0.623,0.28520873983666667,0.32291508619087467,0.5362514711496573,0.5749407165484968,1.9830933144294292,2.0523234988849124,0.6150060485763349,0.6298899684861335,0.49667400000000006,0.4643944241512403,0.5244956927470072,1403.1320521831512,108.52035665512085,1045.9806773662567,-0.03199999999999997,-0.10666666666666658,0.0040000000000000036,0.013333333333333346,0.008625041265697742,0.015586251473007061,0.002625041265697736,0.004743693628099505,-0.05499999999999994,-0.02749999999999997,0.019000000000000128,0.009500000000000064,-0.052650000000000086,-0.10530000000000017,-0.00332599999999994,-0.00665199999999988
