sim_id,true_eta,tada_eta,tada_eta_hdi_3%,tada_eta_hdi_97%,addm_eta,addm_eta_hdi_3%,addm_eta_hdi_97%,true_kappa,tada_kappa,tada_kappa_hdi_3%,tada_kappa_hdi_97%,addm_kappa,addm_kappa_hdi_3%,addm_kappa_hdi_97%,true_a,tada_a,tada_a_hdi_3%,tada_a_hdi_97%,addm_a,addm_a_hdi_3%,addm_a_hdi_97%,true_x0,tada_x0,addm_x0
16,0.3,0.265,0.2440747790994139,0.2864373912326132,0.302,0.2828276155505105,0.3205804077964534,0.5,0.516,0.500154019575894,0.5353230759966411,0.505,0.4886153574710864,0.5222543760655011,2.0,1.931,1.8982239003813075,1.964764560439685,1.994,1.9592787736376036,2.027218280838916,-0.3341925608072407,-0.31668399999999997,-0.3310040000000001
17,0.3,0.284,0.2619598622990567,0.30746056871181726,0.305,0.2852829441549226,0.3281882240800581,0.5,0.491,0.47375433481309814,0.5099535744433472,0.495,0.4772756912125789,0.5122249261119229,2.0,1.914,1.8791650460919596,1.9533154252244784,1.989,1.9535030313155368,2.028739185961157,-1.0417070640052293,-0.941688,-1.0223460000000002
18,0.3,0.258,0.23703505260845933,0.2797881875111428,0.297,0.2734702640745986,0.31570567981504566,0.5,0.518,0.5005718912912613,0.535260787358877,0.501,0.48422369832265694,0.5160574008595752,2.0,1.947,1.9127040587205864,1.9769862185235003,2.005,1.9716705601022624,2.0346206403142246,-0.2632300397016989,-0.25310999999999995,-0.26866999999999996
19,0.3,0.284,0.2612753172819782,0.3094603522318913,0.309,0.28880966606675096,0.3290724797096606,0.5,0.506,0.48816065310560963,0.5268966187556373,0.507,0.4893138638772163,0.5255026507061868,2.0,1.948,1.9079703176375005,1.9822387358963929,2.019,1.9805675301016603,2.0545501812556686,1.0409344196794112,0.966208,1.041804
20,0.3,0.268,0.24454568728636783,0.2876803400917005,0.312,0.293099368848303,0.3330455090168636,0.5,0.521,0.5045556649780827,0.5394439534949261,0.507,0.4899936987471087,0.5232972668534456,2.0,1.939,1.9056707238601853,1.9719781500189184,1.999,1.9666238421964086,2.0334724826860513,0.3482037356812522,0.31799599999999995,0.3398300000000001
21,0.3,0.25,0.22496020793343258,0.27361042806448854,0.274,0.24691369689366657,0.2947771847462222,0.5,0.485,0.4655123259113377,0.5029552737344487,0.49,0.4719846646268428,0.507207013776437,2.0,1.878,1.8421431962746502,1.9171011718509607,1.958,1.9164816610487552,1.9939044576951497,1.145433184186798,0.9915839999999998,1.0808160000000002
22,0.3,0.337,0.30402057675386474,0.3680651397037673,0.306,0.28121300951676675,0.3309576730259085,0.5,0.452,0.4269781224106423,0.4754237214137756,0.5,0.47930329020731605,0.5224962689373072,2.0,1.87,1.8193642902409628,1.9244946393837725,1.992,1.9479596490922666,2.0428437047942007,-1.5796422221850206,-1.43616,-1.565712
23,0.3,0.246,0.22606272801019808,0.26903510823201143,0.292,0.2747803897483293,0.31141187692297323,0.5,0.524,0.5075759166715438,0.5445007197210061,0.5,0.48310141883848895,0.5164248221178321,2.0,1.964,1.925225332788875,1.9943497281206612,2.014,1.979840434860966,2.045659925244748,0.32671645287259343,0.3613759999999999,0.37863199999999964
24,0.3,0.282,0.2591452459975636,0.30569480472747285,0.309,0.28689887303441897,0.32970704095642744,0.5,0.515,0.4956195745315591,0.5331911944016856,0.512,0.49388462284747636,0.530689267840052,2.0,1.946,1.9094632629167079,1.98748806290158,2.012,1.9701637592200643,2.0494794394431546,1.1012649212214538,1.0119200000000002,1.0905040000000001
25,0.3,0.28,0.25279529000939094,0.3107448099764548,0.244,-0.11703354607023105,0.3219982759335826,0.5,0.463,0.44226269055984735,0.48401219501312964,0.479,0.41115112948626137,0.5097017582055987,2.0,1.892,1.8428781297788677,1.9311291773572605,1.959,1.6124027165260468,2.023423761476442,-1.3846143981179027,-1.2676399999999999,-1.320366
26,0.3,0.253,0.22993391276508354,0.2780466985826987,0.29,0.2655100987517067,0.31287692591824173,0.5,0.507,0.48788295417170974,0.5254681663844877,0.504,0.486031673534191,0.5208542191734952,2.0,1.909,1.869154092945064,1.9459103628328422,1.984,1.947671344307672,2.017260939753528,1.116147361342684,1.015588,1.0991360000000001
27,0.3,0.281,0.25964212374505763,0.3010941466258941,0.322,0.30335613114458426,0.34130044009932453,0.5,0.52,0.5032742141922778,0.5378279485435369,0.503,0.4866877490315446,0.518933200938815,2.0,1.951,1.9167518796367533,1.9799372351975726,2.009,1.9717676643774706,2.0409656276648627,-0.08624965576910126,-0.08194200000000018,-0.08437800000000006
28,0.3,0.263,0.2367275787756459,0.2877068042383265,0.279,0.25563567644468405,0.30309064544656317,0.5,0.485,0.4656115720758582,0.5045547196234873,0.494,0.4750555182603311,0.5126910718671654,2.0,1.929,1.8877989968489235,1.971577494286935,2.017,1.9757636014629194,2.059184930466232,-1.205180414208618,-1.11882,-1.218268
29,0.3,0.29,0.2674843302741569,0.3166269142694265,0.288,0.2649101177508251,0.3083325856824384,0.5,0.491,0.4708966654255981,0.5103840351292216,0.523,0.5007919732655963,0.5437155334857693,2.0,1.932,1.888922857704569,1.9763238826888547,2.049,2.004060278090419,2.09476332444929,-1.3370933890365166,-1.232616,-1.360536
30,0.3,0.241,0.21710462072544343,0.2630493412952989,0.286,0.26659417931732476,0.30754470155656743,0.5,0.495,0.4777751893738566,0.5113703440396105,0.481,0.46422864139906067,0.4976061066385444,2.0,1.914,1.8829711714708177,1.9469797428350455,1.977,1.9443198776873438,2.012538259166304,-0.2114553031933537,-0.17608800000000002,-0.1977
31,0.3,0.238,0.21503797210482875,0.2628207884492502,0.276,0.2527507861125145,0.29939498866829534,0.5,0.504,0.4838034816883257,0.5231391382082121,0.494,0.4755063025972526,0.5111603175333267,2.0,1.948,1.907776922193653,1.984862481577921,2.018,1.9830303089045858,2.0591766916832874,0.8700851558896696,0.7986799999999996,0.8717759999999997
32,0.3,0.25,0.2278011149315739,0.2722103995618469,0.291,0.2713388909085708,0.308404241811688,0.5,0.529,0.5120610257932501,0.5473430698420917,0.519,0.5026072493939256,0.5366572250629484,2.0,1.964,1.9325619140814732,1.9994265502768984,2.035,1.996152344023413,2.0669057482574296,0.2556357744428408,0.23960800000000004,0.2604799999999998
33,0.3,0.263,0.2413292836702297,0.2845442360368697,0.3,0.27975025717354385,0.31972870161936084,0.5,0.506,0.4880517290784339,0.5243683888927478,0.497,0.47750779333392773,0.5117467086193159,2.0,1.94,1.90558737682603,1.9729587599332234,2.003,1.9680439907823633,2.035889908072501,0.4253101071706835,0.37636000000000003,0.4046059999999998
34,0.3,0.252,0.22828708604465342,0.2746839895332142,0.292,0.26959245448345553,0.31171723626352593,0.5,0.507,0.48656147257355153,0.5254581727549195,0.499,0.48200156229324825,0.5160063929504958,2.0,1.946,1.9089182566942313,1.976895086837977,2.016,1.9770197212268898,2.0501071424551873,-0.6221130685147174,-0.5954760000000001,-0.6451199999999999
35,0.3,0.266,0.24167876911466812,0.28751553972698113,0.304,0.282321638579692,0.3245894643310899,0.5,0.509,0.4918093856379069,0.5281741836317604,0.501,0.4843066162145726,0.5205481965569589,2.0,1.929,1.896087378956703,1.9679169454123564,1.999,1.9653424907866144,2.037370009430481,-0.7414828618443046,-0.690582,-0.7476260000000001
36,0.3,0.257,0.23563920815463868,0.27714743090057203,0.295,0.27534779397138265,0.31598720532885116,0.5,0.517,0.49983599155924013,0.536868612065381,0.506,0.49038084271955656,0.5240567589549147,2.0,1.95,1.9168702396364834,1.9827011029025698,2.017,1.9820123614063185,2.0478946616930647,0.04069246554437855,0.06630000000000025,0.08068000000000008
37,0.3,0.251,0.2258982258694623,0.27559954214419513,0.283,0.2635023695631441,0.3054871101067973,0.5,0.502,0.4835475536482924,0.5197418203567586,0.504,0.48518021386633087,0.5200878648790636,2.0,1.917,1.878539541720064,1.953765592245468,1.996,1.9577901526569834,2.0370354371638753,-1.0859589037723365,-0.993006,-1.073848
38,0.3,0.257,0.23628931707938228,0.27805418011548433,0.293,0.2727424768678278,0.31393613374946716,0.5,0.507,0.49020067069490825,0.5241961674024924,0.499,0.4783523143813566,0.5129613995157281,2.0,1.957,1.9232745157213986,1.9948773495454388,2.028,1.9942127977654631,2.06403713939493,-0.5213259287559455,-0.49316399999999994,-0.543504
39,0.3,0.251,0.22825270426933345,0.27398677690628087,0.295,0.27291174890582215,0.31608735796658605,0.5,0.512,0.49293287311022005,0.5282274415968232,0.498,0.48128423607106446,0.5165371963663618,2.0,1.924,1.8922028468647734,1.9584488288683612,1.989,1.9561108195760777,2.0221844585733484,-0.5455596909862079,-0.4694559999999999,-0.5131620000000001
41,0.3,0.276,0.25168556507012485,0.30156494222648356,0.309,0.2867879150757255,0.3302657864834794,0.5,0.495,0.47616270842535774,0.5116854886355698,0.492,0.47542181074532724,0.5081783755005443,2.0,1.919,1.887879920315643,1.9540205632187897,1.992,1.9567193016775113,2.022164513889547,0.735260948592583,0.65246,0.713136
42,0.3,0.256,0.23388819799750535,0.2768935168453244,0.288,0.270134078965832,0.309112209665268,0.5,0.507,0.49037185906170894,0.5256023590597274,0.498,0.48217515904362324,0.5141509434912276,2.0,1.938,1.9053360433899797,1.971611797874417,2.004,1.9711226814030987,2.036704163840914,0.5895497479487748,0.5348879999999998,0.5731440000000001
43,0.3,0.265,0.23999390391471595,0.28734614661841706,0.298,0.275827880231607,0.31836525337233956,0.5,0.492,0.4728398536112675,0.5120430581092371,0.486,0.466794607149738,0.500963170274827,2.0,1.908,1.8711435415043647,1.9457422262111215,1.971,1.933764927387129,2.004003407971406,0.8975247271221085,0.8242559999999997,0.8869500000000001
44,0.3,0.242,0.2184978701656594,0.26391244666714636,0.294,0.27143662865595025,0.3146685327990861,0.5,0.513,0.4937927415232152,0.5301717302525254,0.491,0.4724265611001385,0.5074074349204847,2.0,1.936,1.896575698362868,1.9741356340408187,1.994,1.952712084165222,2.0297177613188095,0.7756642621651708,0.7163200000000001,0.7736719999999997
46,0.3,0.263,0.24220848956113342,0.2871825150568269,0.297,0.27798196113225343,0.32035940295504983,0.5,0.504,0.48548715355740985,0.5224865884155437,0.498,0.48172128864079067,0.5161639604817435,2.0,1.941,1.9051398952790919,1.975354766449654,2.008,1.9745663710050578,2.0456507475326586,0.41249930259513024,0.41149199999999975,0.44175999999999993
47,0.3,0.271,0.2492295532540092,0.2955592865436693,0.316,0.29149172374034404,0.3354518281796434,0.5,0.509,0.48810824616319826,0.5252344330263982,0.491,0.47366922657934746,0.5094875218290656,2.0,1.916,1.8799432884296172,1.9494999194601739,1.968,1.9292851033297924,2.001416800637053,-0.8426654391631052,-0.770232,-0.822624
48,0.3,0.249,0.22915672942573495,0.2683105747299995,0.297,0.27612075215760196,0.3187655409423819,0.5,0.516,0.4962532904947439,0.531490034819,0.496,0.4800179393041249,0.513283796481562,2.0,1.929,1.8964913158081032,1.962357715057349,1.99,1.9554481489650521,2.0216774179742347,-0.3850196159883379,-0.34336200000000017,-0.3780999999999999
49,0.3,0.247,0.22919811632683237,0.2678251587014269,0.297,0.2785644278933658,0.3166614033765256,0.5,0.523,0.5062013038643701,0.5418887768715115,0.497,0.4819874232542296,0.515293106149439,2.0,1.938,1.9060127013150512,1.9701630543034703,1.989,1.9532902426327612,2.0206214776527824,0.006089155571450178,0.027131999999999934,0.015911999999999926
50,0.3,0.25,0.22691008288485418,0.2704961949243903,0.288,0.2659793740747496,0.30759053329789365,0.5,0.512,0.4935607028266757,0.5279600111581001,0.506,0.49026692438858716,0.522173161103676,2.0,1.957,1.9218558864492885,1.9886291128728881,2.035,2.004098290215361,2.0666427318247056,-0.08028568897111943,-0.0821940000000001,-0.08954000000000018
51,0.3,0.255,0.23421791524414076,0.27378455128999735,0.29,0.2709028838261665,0.31039067224850625,0.5,0.51,0.49255738141910177,0.5275038415127882,0.506,0.49059525992544084,0.521238744687923,2.0,1.94,1.9052167245418392,1.9696948632230906,2.034,2.017633991886342,2.0521404448846563,-0.2950495557721309,-0.24444,-0.28069199999999994
52,0.3,0.266,0.2453864933568863,0.2845349405495364,0.307,0.28712655929712405,0.32679841670022064,0.5,0.517,0.5002860926356651,0.5342356211627101,0.501,0.48492645625290837,0.5174591001632878,2.0,1.977,1.9441002504877973,2.0065426940982993,2.033,1.999378178797347,2.063116208137848,-0.12261133142823355,-0.134436,-0.14637599999999984
53,0.3,0.294,0.26852625088844406,0.3153742396787972,0.31,0.2892369523767741,0.3344518730867741,0.5,0.502,0.48418161678518007,0.5228664389204276,0.512,0.4911875481634983,0.5277118413406487,2.0,1.944,1.9047725807257012,1.982971760408152,2.03,1.9911923148957325,2.0723347997497563,-1.1250859289341701,-1.053648,-1.14898
54,0.3,0.24,0.21859456642888545,0.2615120030426813,0.285,0.26594015531079807,0.3038547807985713,0.5,0.515,0.49795394322386305,0.5315292297777264,0.494,0.4772267482075639,0.510103353116332,2.0,1.947,1.9148830210153855,1.9800248625085308,2.003,1.9693634557624264,2.0325603993053973,-0.25749410393241123,-0.19859399999999994,-0.2243360000000001
55,0.3,0.262,0.23882256839195956,0.2830753671693413,0.302,0.2816952759691545,0.3224260407003349,0.5,0.518,0.5002763283456201,0.5346187570169479,0.509,0.4916010759850505,0.5247809380741311,2.0,1.943,1.9109202900403437,1.9740499508810738,2.011,1.9765744685077178,2.0422562198163634,-0.18425795740688744,-0.15932599999999986,-0.18098999999999998
56,0.3,0.247,0.22663946991199527,0.2679560782036716,0.28,0.2584361369587964,0.30065166864281645,0.5,0.499,0.47955743602848916,0.5162929909296675,0.495,0.4774510983976017,0.5107727515386101,2.0,1.919,1.8851369104724767,1.9498506142117018,1.996,1.9627537537470479,2.031751881075368,0.47939998957527363,0.4682360000000001,0.5149680000000001
57,0.3,0.248,0.22461379072177035,0.27079439298972985,0.287,0.26563408988213266,0.3075275972042204,0.5,0.501,0.48256750111491475,0.5205106243913357,0.494,0.4777497114038648,0.5109706507573016,2.0,1.924,1.8844430651416564,1.9562582988632704,1.995,1.960612100237058,2.02934485458565,0.7558942475039307,0.7003360000000001,0.7620899999999997
58,0.3,0.353,0.3113571828665696,0.40325457557051586,0.286,0.2484039763150958,0.31835788087954364,0.5,0.421,0.39806356881892097,0.45287055669584597,0.498,0.4722335862244621,0.5268048193359347,2.0,1.863,1.8005491850773985,1.9218336891703585,2.007,1.9408970344815257,2.0672266985288883,1.7631883402447266,1.62081,1.7661599999999997
59,0.3,0.275,0.25236797144035383,0.2986411283197261,0.31,0.2917311167391801,0.3321461611171176,0.5,0.523,0.5027860349355635,0.5388618317177731,0.519,0.5011112433461586,0.5366511698767324,2.0,1.947,1.9139731462298006,1.9836677118547599,2.024,1.9820577971886426,2.05549277224574,-0.46260465774725446,-0.42833999999999994,-0.47361600000000004
60,0.3,0.243,0.22151841682659135,0.2645280407762017,0.284,0.2662569723454852,0.3043241809121634,0.5,0.516,0.49845358582072546,0.5329168122264304,0.503,0.4869334790691215,0.5202971654254323,2.0,1.949,1.9170498783511014,1.9815786443692223,2.021,1.9874987742540526,2.053207739930626,0.16470136346727493,0.1715120000000001,0.1859320000000002
61,0.3,0.322,0.2816516471136001,0.36344721497281274,0.251,0.2197325533807001,0.2874110685042597,0.5,0.403,0.37669244929962503,0.4280539354673847,0.476,0.45043794944437093,0.4995090959925854,2.0,1.817,1.7616326153949982,1.868129584125064,1.963,1.898487937311067,2.0211140611276233,1.7471508728900722,1.5589860000000002,1.7078100000000003
62,0.3,0.267,0.23900806071662545,0.28970959766460713,0.288,0.2621468436801042,0.3086653431198827,0.5,0.497,0.4761099096795341,0.514238804769806,0.5,0.48014364232529394,0.5179238918334154,2.0,1.873,1.8308417239030117,1.910774620365139,1.951,1.9131432829763815,1.9903533401160625,-1.1730550461899667,-1.041388,-1.13158
63,0.3,0.272,0.25139563660892006,0.2952759586284562,0.312,0.28856602743512644,0.3321238112272628,0.5,0.51,0.4920741364090188,0.5297117134737886,0.499,0.48344222749701055,0.5160550374716318,2.0,1.96,1.9314426091457209,1.9941649530019268,2.022,1.9886871898941922,2.0551544573452887,-0.18410979235363611,-0.16071999999999997,-0.16580399999999984
64,0.3,0.257,0.23614470794933362,0.28209436399223137,0.3,0.28116605791529786,0.3212042011479107,0.5,0.526,0.5083321408016771,0.5445112268060592,0.513,0.4951646877706342,0.5298783094928905,2.0,1.964,1.9288825322137237,1.9975470364688142,2.024,1.9877956917624642,2.0556201657359905,0.35899063458564306,0.34173600000000004,0.3683679999999998
65,0.3,0.286,0.26206340801482214,0.3108534054920982,0.305,0.28094479575354675,0.3268753724489112,0.5,0.504,0.4855478860436774,0.5227744089863292,0.51,0.49257095066041096,0.5269518120863775,2.0,1.938,1.90056786915627,1.9799835548076403,2.013,1.970064314020798,2.050440855520173,-1.0370805346326235,-0.9496199999999999,-1.0226039999999998
66,0.3,0.265,0.24057687232292432,0.29007851690390307,0.298,0.276093233701229,0.31980113116733455,0.5,0.498,0.477331091060912,0.5167802833455898,0.494,0.47379564598491336,0.5112521004622942,2.0,1.898,1.8598413715014392,1.9354345129472335,1.967,1.9267917790622677,2.0059363274544597,0.9332187692071465,0.8275279999999998,0.8969519999999997
67,0.3,0.263,0.2414776051942889,0.28546567841763976,0.302,0.28262454937516973,0.3213583626350276,0.5,0.524,0.5073966597002281,0.5423588076113189,0.512,0.4967083662636933,0.5293250043691472,2.0,1.971,1.9373521684643331,2.0032337218213194,2.038,2.004030125927873,2.0692514008106437,0.291879467029065,0.27199799999999996,0.2853199999999996
68,0.3,0.267,0.24545649647559403,0.290246967416041,0.309,0.2860011486437196,0.3285403953465344,0.5,0.512,0.49365628547105145,0.5288110409869198,0.502,0.487009314162708,0.5191714257544634,2.0,1.942,1.9092594185107565,1.9748029950217063,2.005,1.9737861685359008,2.0394465358193274,-0.10938690764554826,-0.10486800000000018,-0.11629
69,0.3,0.291,0.26684288605833095,0.3135954154674615,0.315,0.29465289388277427,0.338902504735839,0.5,0.523,0.5033667741454861,0.5420625765870067,0.528,0.5082926963597346,0.545557130345752,2.0,1.938,1.8968807673039012,1.9753056016024777,2.015,1.9793332486525046,2.0582549357495474,1.1196673614311874,1.038768,1.1203400000000001
70,0.3,0.289,0.2623420689218677,0.31507711015820916,0.293,0.2693174265324085,0.31413766865112003,0.5,0.48,0.4593476196899104,0.5005038518904651,0.498,0.47799494746625704,0.5173027098168982,2.0,1.931,1.8862848402653782,1.9715627112275644,2.024,1.983660636885289,2.0659399703182895,-1.292881470372962,-1.2165300000000001,-1.319648
71,0.3,0.27,0.248803373126656,0.2900615267498965,0.307,0.2889753012766826,0.3260311758522903,0.5,0.521,0.5021471354834063,0.5401214950550149,0.512,0.49395389394987144,0.5274226358542723,2.0,1.955,1.924305226912953,1.9934351986737011,2.021,1.9869593171403486,2.0534197580288915,-0.42828226447720175,-0.35972000000000004,-0.3920739999999998
72,0.3,0.259,0.2362770977510572,0.2853313426136613,0.277,0.2561003524593648,0.29906927514646003,0.5,0.488,0.46731071560439585,0.505381625077355,0.494,0.475727434682572,0.5120168389470797,2.0,1.909,1.8694973487486726,1.950810770762435,1.994,1.9551492242022754,2.0333821375400936,-1.0784335537115761,-0.981226,-1.072772
73,0.3,0.253,0.2285275119569839,0.27329957140965766,0.289,0.26397128122991037,0.3070703402298965,0.5,0.501,0.48483934526761463,0.5209220995031713,0.493,0.47509658439022084,0.5095931616901205,2.0,1.932,1.8991709741208964,1.9661761140998057,1.999,1.9649091962370402,2.031745952802617,0.6444705722116919,0.595056,0.6396800000000002
74,0.3,0.241,0.21902206137861643,0.2640776033855572,0.277,0.2559290042325581,0.2953490033005396,0.5,0.488,0.4708599540760118,0.504510899779836,0.48,0.46494580855153284,0.4984039650252028,2.0,1.938,1.9081736881549352,1.9701547700615951,2.011,1.9806819191134288,2.0461051624249857,0.12128415835651873,0.10465199999999997,0.12468199999999996
75,0.3,0.239,0.21569215080745316,0.26042762126750113,0.278,0.2555927550862988,0.29972091838999226,0.5,0.497,0.47922857188207824,0.5146809018612819,0.483,0.46704233895190295,0.4988799008434999,2.0,1.939,1.9046580393671049,1.9719776715275783,2.006,1.9737434862385745,2.0450474291595913,-0.5455784843159415,-0.5080180000000001,-0.5536559999999999
76,0.3,0.256,0.23116128058469226,0.2802168727699562,0.292,0.2671338450173444,0.31169033777735355,0.5,0.489,0.47321324353954225,0.5064164775664287,0.485,0.46744965247360337,0.5004431483447875,2.0,1.896,1.862641523219819,1.9275239034246774,1.968,1.9362025710975288,2.002720965926282,-0.5614758534760302,-0.48537600000000003,-0.5392319999999999
77,0.3,0.252,0.22909364415219272,0.27589843166549516,0.289,0.268324584980807,0.3143723284945853,0.5,0.506,0.48612318065800814,0.5218237734194986,0.495,0.4776534833600385,0.5142494198263983,2.0,1.946,1.9063631565055483,1.9827763130681573,2.006,1.9686788438410163,2.045029276122585,-0.9048886436693733,-0.8562399999999999,-0.9187479999999999
78,0.3,0.271,0.24731015623969504,0.29364602518883165,0.304,0.2809903954556897,0.32420818222680414,0.5,0.509,0.4883651633422482,0.5270317116556693,0.503,0.4864026748018225,0.5210096389432524,2.0,1.919,1.8790794902894747,1.9584146635964856,1.991,1.9513896293433675,2.026643524847399,-1.0647355989535867,-0.967176,-1.043284
79,0.3,0.263,0.2411706872739857,0.2878370896741652,0.304,0.28466987931350024,0.32811789981904216,0.5,0.51,0.4922694478274594,0.5293771231526664,0.499,0.48061520314500356,0.5149795430917142,2.0,1.922,1.8827371595416467,1.9562158449877896,1.987,1.9519153627130348,2.020837536359912,0.6314280668132293,0.59582,0.6437880000000002
80,0.3,0.319,0.28288818356722956,0.347684755116579,0.295,0.269191597084565,0.3232017285171323,0.5,0.457,0.4358707402357574,0.4794995725566626,0.505,0.48305380078118915,0.5242355005384315,2.0,1.862,1.8107345087220676,1.9118525053810422,1.988,1.9378197724324784,2.036488312120239,1.5781893491302803,1.4300160000000002,1.5625680000000002
81,0.3,0.275,0.25369094216351556,0.29598459004520183,0.315,0.29546256813679844,0.3338491725621023,0.5,0.521,0.5012452509416645,0.5362109485654198,0.506,0.4883947224295561,0.52267263701816,2.0,1.952,1.9150117686023185,1.9852072507950536,2.009,1.9721009535908396,2.043399368983728,-0.6902578146906071,-0.667584,-0.715204
82,0.3,0.257,0.2363708814051734,0.27772353510305425,0.292,0.2718770544370761,0.3116268088045246,0.5,0.505,0.4873252623389978,0.5207555630166277,0.497,0.4789040659417174,0.5120193350738288,2.0,1.941,1.9079234069356945,1.972547599403176,2.004,1.9722256742937287,2.03852560863518,-0.4161389315301671,-0.38431799999999994,-0.40881599999999985
83,0.3,0.274,0.24655005604356536,0.29861313598914574,0.301,0.2785022078764297,0.3216719997376558,0.5,0.501,0.48203084796683693,0.5196631313641515,0.502,0.4840743294556771,0.5187675320342844,2.0,1.914,1.874719062865927,1.9519974712031067,1.981,1.9432912000018217,2.018818655926566,1.0034070248263118,0.903408,0.9746520000000001
84,0.3,0.279,0.25520901458898243,0.30221476518044954,0.301,0.28099287032180265,0.3226131829877586,0.5,0.495,0.4747626185366649,0.5131023030134071,0.496,0.47664821627278925,0.5137182966885497,2.0,1.949,1.9102053856303598,1.9910017345457793,2.025,1.984274180646185,2.0690518483827685,-1.1609913474294706,-1.103134,-1.1907
85,0.3,0.295,0.2682410303873357,0.31546071244723356,0.324,0.30143103598898485,0.3438052192771333,0.5,0.511,0.4928941201232344,0.5313084793405822,0.511,0.4915632852906393,0.5286911371065293,2.0,1.935,1.9017917736773935,1.9767232314176368,2.009,1.9659981549913923,2.0465357897857595,-1.0339400507790906,-0.9713700000000001,-1.056734
86,0.3,0.281,0.2597467923894294,0.3031703723649061,0.321,0.3026705896542375,0.34096485743522,0.5,0.523,0.5035057346944968,0.5387308071596931,0.509,0.4928934257181126,0.5261617412681597,2.0,1.955,1.9224824364158772,1.9889515332139405,2.018,1.9832281284753468,2.0518171000758008,0.41234291469852247,0.40273000000000003,0.43588799999999983
87,0.3,0.266,0.24261607373400185,0.2866637858825733,0.298,0.276614937831165,0.31807131249441434,0.5,0.496,0.4770191880063022,0.5128335654801494,0.491,0.4747195357127071,0.5095604709093795,2.0,1.951,1.915620409952535,1.9850449818600886,2.024,1.9917067383994358,2.0586570561656656,-0.6542109948809574,-0.6048100000000001,-0.6557759999999999
88,0.3,0.258,0.23660552637519783,0.2774462504715312,0.301,0.28111776860546434,0.31987741406399967,0.5,0.522,0.5051487680126263,0.5396741502415782,0.509,0.49133722510433786,0.5223503387560297,2.0,1.922,1.8879806844743785,1.9516507452696283,1.986,1.9524140590354444,2.016903052651125,0.3158337434766927,0.2882999999999998,0.31776000000000004
89,0.3,0.255,0.2323958979752803,0.2783626201072185,0.289,0.2671455889826051,0.30859750678777836,0.5,0.514,0.49520215239016907,0.5345555258836681,0.506,0.48970685509191353,0.5231196100629817,2.0,1.954,1.9219150308441737,1.9913668985715014,2.026,1.9911449331243156,2.0618665525309408,-0.4806166901140001,-0.43769599999999986,-0.48218799999999984
90,0.3,0.251,0.22705687160583868,0.2755835277600497,0.286,0.2666545178247022,0.3064391410650529,0.5,0.503,0.484879524308801,0.5239951154187743,0.494,0.4767615455742922,0.5120885493522171,2.0,1.934,1.9033872649278836,1.977090825986584,2.001,1.9654818869802626,2.037555142717376,-0.7293983146176024,-0.6575599999999999,-0.724362
91,0.3,0.236,0.21191966898223905,0.2574147399168535,0.28,0.2593983012565412,0.3017149938869485,0.5,0.483,0.4661151583339845,0.49959618452912824,0.463,0.4456649508965117,0.4780725709074969,2.0,1.9,1.8676406958848621,1.9317495163619125,1.958,1.9292683657293654,1.9927731735300493,0.32663578300114704,0.27739999999999965,0.29369999999999963
92,0.3,0.334,0.3000415994963319,0.3666077220069352,0.289,0.26003478905959126,0.31915139177046653,0.5,0.423,0.400483487199496,0.44941638800736755,0.483,0.4619509856672406,0.5046251910417218,2.0,1.873,1.822924965884348,1.931381398514721,2.007,1.948635223485905,2.054782027788218,1.6317566440826234,1.490908,1.6296840000000001
93,0.3,0.28,0.25593162236777034,0.3027060202764779,0.316,0.2958431754800492,0.3387763279670574,0.5,0.496,0.4806453451303262,0.5149049725289853,0.489,0.4730748773671738,0.5048355787610191,2.0,1.937,1.9050651200588176,1.9722422089456517,2.004,1.9706412091756305,2.037153279020729,0.4220788654817049,0.4106439999999998,0.44889599999999996
94,0.3,0.279,0.25840356188249086,0.300309757937789,0.322,0.3003736688908973,0.3417853017385158,0.5,0.519,0.50120619688583,0.5372958751737652,0.503,0.4845880311948913,0.5193799199060376,2.0,1.954,1.9225287369356463,1.9883316324743612,2.01,1.974375533839268,2.041620936161918,0.5045944844009478,0.48849999999999993,0.5266199999999999
95,0.3,0.286,0.2597868904045897,0.3158983902861856,0.289,0.26346326655478863,0.310468739483221,0.5,0.47,0.4502212985239277,0.4893328288604057,0.492,0.4741025511821901,0.5123709729513585,2.0,1.894,1.85368798965986,1.9346653365320263,1.988,1.9463625677118301,2.032408675369733,1.2474316081372105,1.125036,1.2285840000000001
96,0.3,0.263,0.24030314500185326,0.2831682360851118,0.307,0.28667111479159185,0.32595496867609675,0.5,0.523,0.505619143363413,0.5416137046170612,0.508,0.49370948916404606,0.5250710892442988,2.0,1.945,1.910387757270514,1.9769006178399324,2.009,1.9766740073345177,2.0405364037479594,0.00592645277081516,0.0,-0.008036000000000154
97,0.3,0.245,0.2232488406161795,0.26679621684669275,0.285,0.2646505033113765,0.3049012063549702,0.5,0.508,0.49054793243601175,0.5257611929068092,0.497,0.4802887734829692,0.5117253129146054,2.0,1.948,1.9129420811771918,1.98108310042638,2.017,1.9841632964583638,2.0484932831990017,0.2422576892574364,0.22207200000000027,0.24607400000000013
98,0.3,0.244,0.22161892172968783,0.2657827219412191,0.294,0.2749368519557456,0.3151258054516232,0.5,0.506,0.48736303309664886,0.5221001714450066,0.487,0.4710785199232618,0.5036812348221872,2.0,1.935,1.9043259832050219,1.9701948628621968,1.992,1.9566252299459035,2.0221627462715652,-0.1862424866012824,-0.18575999999999993,-0.19521600000000006
99,0.3,0.265,0.24240760535621222,0.287977713236289,0.303,0.28209276425132834,0.3255397149428845,0.5,0.499,0.4815035983139107,0.5171597451162901,0.489,0.47166563949831863,0.5070725646522408,2.0,1.931,1.8998426929932037,1.964817364727796,1.995,1.96150289382242,2.0263397410846604,-0.44401339757675307,-0.4132339999999999,-0.44687999999999994
100,0.3,0.283,0.25500801369497517,0.3077969454227212,0.291,0.26691819709065395,0.31526330190953256,0.5,0.481,0.46156140597114825,0.4993378936191251,0.5,0.479873354381322,0.5188972172143635,2.0,1.953,1.908541927020955,1.9938852639368554,2.049,2.0106442761652317,2.0962179563852863,-1.215144309273294,-1.156176,-1.258086
101,0.3,0.268,0.24017502400611768,0.2926750816569833,0.294,0.27222705332809644,0.31636884610386595,0.5,0.503,0.4849963556464975,0.5256011454755357,0.504,0.48581324110077917,0.5228585572112375,2.0,1.913,1.8705980475891435,1.9504545160503821,1.989,1.9479424808810586,2.030382801207022,1.176172457595273,1.07128,1.1575980000000003
102,0.3,0.261,0.23752646638567676,0.2839541024449046,0.304,0.2827258966708798,0.3260885086069451,0.5,0.517,0.4961766611863663,0.5346003800223619,0.505,0.4880259241558305,0.5227088344555534,2.0,1.939,1.9011858677898426,1.9735143910496473,2.001,1.9668769095711198,2.035267192418754,0.5197358908340028,0.4925060000000001,0.5322659999999999
103,0.3,0.276,0.25385006170412594,0.29998323460311915,0.307,0.2868042412280733,0.32841538666328424,0.5,0.493,0.47284270318582183,0.5101125250927899,0.488,0.4706458108733582,0.5037538353265831,2.0,1.91,1.872035691239865,1.946248540544269,1.974,1.9380040156193938,2.0091084223660216,0.9219048426098282,0.8404,0.9001439999999998
104,0.3,0.237,0.21550998392091233,0.26068813524266954,0.286,0.2654002924376374,0.30880894774416945,0.5,0.509,0.49126081111691283,0.527245450076271,0.489,0.47288844129623764,0.5058477534846522,2.0,1.93,1.8991115489426915,1.9612523152806673,1.991,1.9579892936991519,2.02093108702556,-0.04336381885851592,-0.03859999999999997,-0.04380200000000012
105,0.3,0.262,0.23483042706883836,0.282336925127556,0.296,0.2738799415523633,0.3164508182426396,0.5,0.506,0.4868517093545459,0.527436550444012,0.501,0.4844522653777403,0.5180597326062291,2.0,1.94,1.8981903327365721,1.9773260907864438,2.012,1.9763745891709588,2.0520171002257848,-0.93430181048732,-0.8380800000000002,-0.9134479999999998
107,0.3,0.277,0.2535448553014017,0.3031025141231439,0.306,0.28425134722343437,0.32669255275081616,0.5,0.488,0.47014467546875377,0.5074285776554934,0.491,0.47002146731699623,0.5063376847974008,2.0,1.937,1.8995330527818315,1.9723468870037235,2.019,1.9808351185285333,2.0561182470433548,-0.8612716466787471,-0.798044,-0.8802840000000001
108,0.3,0.255,0.23094309048654663,0.2743503966458927,0.291,0.2713172465662667,0.3143702034455216,0.5,0.493,0.4747914477401809,0.5109333622932124,0.485,0.46946657498526834,0.5016919400201981,2.0,1.936,1.9034824268509394,1.9703434235304418,2.004,1.9716283810208497,2.0368934742781373,0.42108325041884953,0.3755839999999999,0.4128240000000001
109,0.3,0.277,0.2538777776126803,0.30146554838716255,0.313,0.29416601532983094,0.33599277498797026,0.5,0.495,0.4767023982289057,0.5135655394782613,0.487,0.47072131458395766,0.504329324423048,2.0,1.927,1.8930997210531582,1.9640602511595238,1.988,1.9538858242615098,2.024251880749662,-0.8955264175459423,-0.8286100000000001,-0.8906239999999999
110,0.3,0.244,0.221620214575636,0.26484962850618954,0.283,0.2637188170942709,0.30394852895406427,0.5,0.512,0.49183396679511693,0.528240426696228,0.497,0.48139992915328905,0.512997830890363,2.0,1.967,1.9327651799047632,2.002131968459575,2.029,1.9922192545279394,2.0623850644234127,0.5323426298378209,0.5310899999999998,0.5721780000000001
111,0.3,0.262,0.2396982207327842,0.2854233857876987,0.294,0.27211285559919446,0.31319671063929694,0.5,0.501,0.4813173167877005,0.5194160430193074,0.495,0.47897073606399454,0.51228119136572,2.0,1.929,1.8955147995338952,1.964042934990007,2.0,1.9581750360596355,2.0327803413811187,-0.8274506275909632,-0.75231,-0.8240000000000001
112,0.3,0.264,0.24106994395344414,0.28983328487908394,0.294,0.27186390587466863,0.3146269743815053,0.5,0.526,0.5071602993972498,0.546941383003687,0.523,0.5056537560297463,0.5403801707483352,2.0,1.962,1.9193682875751006,2.000716308447642,2.039,2.0039070076569803,2.0816789102233133,1.1286917707023498,1.0791000000000002,1.1663080000000003
113,0.3,0.296,0.26994616240988606,0.3232558935501004,0.315,0.2923194115596847,0.3352115934406124,0.5,0.503,0.48337713318780257,0.5263589290542414,0.511,0.49070690494792646,0.5280580566715348,2.0,1.922,1.8842517842905184,1.9625042268704342,2.005,1.9610698083477724,2.0391042470469354,1.201255495851108,1.126292,1.2190400000000001
114,0.3,0.28,0.2574457713859962,0.299913048600441,0.318,0.2979722444300689,0.3398683054721573,0.5,0.511,0.4924904742937488,0.5273076132063073,0.501,0.48553466386931116,0.51753574880613,2.0,1.94,1.9069522809670845,1.976422107011609,1.999,1.9656765020728306,2.0316246599620236,0.3936891190469596,0.35307999999999984,0.3718140000000001
115,0.3,0.239,0.21727995468161612,0.2617929976490281,0.277,0.25594846428150153,0.2991700018789723,0.5,0.509,0.49289364294507837,0.5275430890075689,0.498,0.4830957469900622,0.5146020556978993,2.0,1.925,1.8951419236496065,1.9602286031360165,1.989,1.9541740227660953,2.021722129358552,-0.7117806931212443,-0.6391,-0.6842159999999999
116,0.3,0.251,0.2278366236719514,0.27323769284818367,0.292,0.2683301026790865,0.30998938666109527,0.5,0.499,0.4833280338417107,0.518683087615671,0.489,0.47258752655999087,0.5063585164718459,2.0,1.932,1.8981645401252156,1.9675266254408605,1.998,1.9630788330419078,2.0298019533310114,0.44504615333847575,0.4057200000000001,0.43955999999999995
117,0.3,0.252,0.2315330493231166,0.2717701833432921,0.291,0.27304927667339984,0.3111912279008189,0.5,0.514,0.498437639864169,0.5320786733484771,0.5,0.4839936242224889,0.516050825099408,2.0,1.97,1.9372138146172453,2.0045273594130926,2.03,1.996306072149166,2.062423897090337,0.02358925664979461,0.00788000000000011,-0.0040599999999999525
118,0.3,0.254,0.22947637450489125,0.27523154300797165,0.295,0.27407128630583955,0.3164366527299655,0.5,0.501,0.4842819528739104,0.5209929875074704,0.489,0.47038504281053645,0.5043009463446129,2.0,1.927,1.8922293059181874,1.9588045016935054,1.985,1.949544625630022,2.0181368350067657,0.7953765849091452,0.7206980000000001,0.7701799999999996
119,0.3,0.267,0.2433846855609132,0.29134835467614234,0.297,0.2757568674764455,0.3173324240983436,0.5,0.5,0.48144975870993567,0.5176614569161596,0.497,0.479767338078756,0.5153185353931895,2.0,1.945,1.9090137030601293,1.9815089397520054,2.017,1.9781711516268243,2.054254733190367,0.8465413089852785,0.7857799999999997,0.8552079999999997
120,0.3,0.352,0.31630347393983,0.38803458013376757,0.297,0.2683796192939273,0.3255143411739778,0.5,0.43,0.4062385497386474,0.45829819706138236,0.5,0.477362305834723,0.524186701100123,2.0,1.889,1.8313614247210472,1.9401918119795822,2.024,1.9717697791491948,2.085713331673254,1.7395898440894229,1.6132060000000001,1.7527840000000001
121,0.3,0.264,0.2391252371677689,0.28707921432576283,0.298,0.27683985667859784,0.3185016269639526,0.5,0.499,0.48016741615931374,0.5175048762272595,0.494,0.4761875187507964,0.5106254139856344,2.0,1.954,1.9162739686497563,1.9895197206636943,2.029,1.994417293113689,2.067839255573399,0.5862127034623255,0.5236720000000001,0.5802939999999999
122,0.3,0.26,0.23464024232040498,0.2824872244103382,0.296,0.27527656256054267,0.31787766740599016,0.5,0.512,0.493905340657271,0.5310830184919032,0.504,0.48759874949675563,0.5210784783405094,2.0,1.941,1.9099578153271226,1.9771867372865282,2.009,1.972003461093315,2.0406015957254504,-0.4499669461492617,-0.41149199999999997,-0.4459979999999999
123,0.3,0.283,0.2618656182640537,0.30406617891314575,0.321,0.30206196383983647,0.3394503300872325,0.5,0.521,0.5036116137320971,0.5378487787015646,0.512,0.49529775111797836,0.5299277261396764,2.0,1.924,1.889865119251083,1.9536801730187456,1.989,1.956475975127157,2.02433364232259,0.2917922087125353,0.28859999999999975,0.310284
124,0.3,0.308,0.27614080119785483,0.33711532575286185,0.295,0.27047393501441885,0.31864251172676733,0.5,0.478,0.4532321786638623,0.501595412572579,0.516,0.4968671633664082,0.538858393823665,2.0,1.922,1.8756720646773972,1.9782989250720648,2.037,1.9817929478316754,2.0859210030579898,1.5673623866024742,1.472252,1.592934
125,0.3,0.266,0.2445172726045481,0.28561733411432294,0.302,0.28071101884124827,0.32024971233383265,0.5,0.515,0.49658064211772585,0.5341650951005664,0.503,0.48592839915902464,0.5196224696329633,2.0,1.971,1.937063939208996,2.0028443319852367,2.034,2.0032433628861703,2.0674281184729857,0.3059970053599059,0.27199799999999996,0.296964
126,0.3,0.257,0.23785861795645294,0.2793847398574776,0.299,0.2805097878040109,0.3183916596407377,0.5,0.517,0.4994767199547552,0.5330306537845548,0.498,0.48071098695676934,0.5136346096282054,2.0,1.933,1.898907155985344,1.9650734340249243,1.99,1.9574474408216351,2.022854208758098,0.4476787691137627,0.41366199999999975,0.44576000000000016
127,0.3,0.269,0.2442831243159848,0.28981312777599977,0.31,0.2904007846437742,0.3298365562594802,0.5,0.515,0.4978954325165878,0.5337579985265847,0.504,0.48670639132542537,0.520795691731183,2.0,1.948,1.9165345159165954,1.982330820687678,2.014,1.9783027719876003,2.0479849323100834,-0.4514116500373775,-0.39739199999999997,-0.43502399999999986
128,0.3,0.285,0.2627449392798873,0.30678543568057254,0.318,0.2975869613934847,0.3400559211528275,0.5,0.523,0.5024835041115817,0.5409022218468148,0.515,0.49777979526989236,0.531377508453018,2.0,1.941,1.9062807840831861,1.9768893898157383,2.006,1.9701995456378325,2.0384031728926555,-0.6619484938632936,-0.6211199999999999,-0.6700039999999998
129,0.3,0.265,0.24319967107490822,0.28507092451043126,0.299,0.27903262329814865,0.3205616034252149,0.5,0.511,0.4924399871221256,0.5290145405380035,0.501,0.4832198281709636,0.518427165266452,2.0,1.952,1.919720892044271,1.9876940071536493,2.018,1.9824868925035903,2.0508215961919998,-0.18832024151518523,-0.16006399999999998,-0.16951199999999988
130,0.3,0.378,0.3354024335827905,0.4154017558967372,-0.092,-0.7911219833146739,0.8365541366272018,0.5,0.448,0.41836616313814284,0.47544405657897404,0.489,0.1951038524352485,1.0073131195451595,2.0,1.844,1.7848682338583535,1.904853352980242,1.293,0.7997441653652465,1.999000801704799,1.7845193399288024,1.619032,0.429276
131,0.3,0.283,0.2623028264364136,0.30656829723277024,0.315,0.29501773592249536,0.3355908155919931,0.5,0.519,0.5007298098081803,0.5386317123070647,0.51,0.4931413668751487,0.530373658920146,2.0,1.963,1.9239711961068082,2.00081917428368,2.022,1.9895390021766948,2.064344388168862,-0.8700514796020262,-0.8126820000000001,-0.8694600000000001
132,0.3,0.252,0.2300566607167083,0.2756681222017447,0.296,0.274358598887923,0.31721205789868673,0.5,0.51,0.49369513475842475,0.5272513318306609,0.494,0.47729550073509247,0.5125193583019312,2.0,1.931,1.900382679541223,1.9646795522209493,1.99,1.9573769628059876,2.0222651382015644,-0.5763796568559083,-0.5252320000000001,-0.56914
134,0.3,0.248,0.22630315561138534,0.27018706835591255,0.282,0.2600800100651885,0.301249788782778,0.5,0.498,0.4788870198050601,0.5143439233968072,0.49,0.47251996315443845,0.5066708173321367,2.0,1.951,1.9206305394866758,1.9895307782911391,2.02,1.9867191616868896,2.0569433842753146,-0.5307328359999961,-0.503358,-0.5413600000000001
135,0.3,0.256,0.23609993774256424,0.2792563687594722,0.293,0.27214513107420346,0.31158660079108824,0.5,0.502,0.48459493386741836,0.518839754273415,0.492,0.4769133454793242,0.5095672991055757,2.0,1.93,1.8978034514936295,1.9634864219450625,1.992,1.9596569848374887,2.025972788909161,-0.24484844571847564,-0.22388000000000008,-0.23505599999999993
136,0.3,0.252,0.22957405608921608,0.2775492680355381,0.282,0.25960373341196397,0.3028080744061277,0.5,0.49,0.4727103794166348,0.5083729014835426,0.487,0.47023178419702244,0.5032104448304338,2.0,1.948,1.9126500590536437,1.9876369617209182,2.018,1.984659322587184,2.051525086919991,-0.5413215705570977,-0.5298560000000001,-0.5811839999999999
137,0.3,0.303,0.2809164629281033,0.32442322849589317,0.328,0.3066714412354665,0.3493188316348934,0.5,0.517,0.49837902762015557,0.5347388396460285,0.521,0.5031399902841375,0.5400735351931583,2.0,1.947,1.9076734955020949,1.9895002399899389,2.024,1.9852902344897083,2.0657139433722964,-1.0371763917400412,-0.965712,-1.040336
138,0.3,0.289,0.26064725272137584,0.31553612300638756,0.289,0.2646875102798482,0.3118940915133771,0.5,0.469,0.44801754880832734,0.48891060732320546,0.496,0.475692279383331,0.5148063383292402,2.0,1.919,1.8706664039532277,1.9624120912097522,2.027,1.9778599766256637,2.069242057336437,1.3387888929077496,1.255026,1.3702519999999998
139,0.3,0.254,0.23172660304325474,0.2764087653816909,0.297,0.27694525933189995,0.3167443254453308,0.5,0.515,0.49573449040717005,0.5314461301694753,0.497,0.4800795702044667,0.515011409320509,2.0,1.934,1.9003662425935206,1.964329419643562,1.995,1.9608347500323318,2.0275963376577018,-0.05468300977117546,-0.07349200000000011,-0.0798000000000001
140,0.3,0.281,0.256062997669807,0.3007734503915654,0.323,0.30355042470755,0.34290963849895345,0.5,0.522,0.5039889753417103,0.5413935151024912,0.508,0.4915061565486715,0.5249800853726748,2.0,1.94,1.9006828698350509,1.9720648299127022,2.001,1.965150539661576,2.0340879829313305,0.5561746858777652,0.48111999999999977,0.5282640000000001
142,0.3,0.351,0.3125614526024503,0.3932981839430761,0.273,0.24309459096291242,0.30432562190126144,0.5,0.396,0.37228570123933824,0.42077912324542627,0.473,0.4508334488815586,0.4942728338932872,2.0,1.832,1.7815869129013044,1.8912367844346631,1.977,1.9250040506898107,2.0462059128401497,1.7002038734979834,1.5205600000000004,1.6685880000000004
143,0.3,0.27,0.24716385973342106,0.2922016207637754,0.307,0.28690614513886037,0.32769282253414506,0.5,0.502,0.4834553378024126,0.5192470747899497,0.493,0.4736600598809429,0.5097490257447073,2.0,1.932,1.895953300836574,1.9664943645811344,1.995,1.9546674052541722,2.028271747699891,0.6209077192052157,0.5834640000000002,0.62643
144,0.3,0.255,0.23322077655458945,0.28122273051256186,0.296,0.27358019936811895,0.31563673783993684,0.5,0.518,0.49995872991691687,0.5352608406674065,0.505,0.48439793587123015,0.5210911802590787,2.0,1.941,1.9077508547521718,1.9747870227620028,2.001,1.9693319143640107,2.0368078363499578,0.319220418628928,0.2833859999999999,0.29614799999999963
145,0.3,0.231,0.20833570144055652,0.25174272725031327,0.271,0.24643926384819817,0.29190084268901556,0.5,0.496,0.4785584241068029,0.5123501857506285,0.485,0.47072361782420297,0.5011726191363799,2.0,1.913,1.8822022360207273,1.944188123186386,1.986,1.9520297670644247,2.015599817714226,0.24919139053267747,0.21043000000000034,0.23037600000000036
146,0.3,0.261,0.23924800968800825,0.28490107129349324,0.287,0.26417652418371446,0.31109105359132116,0.5,0.514,0.49510217958356445,0.5328805661378704,0.513,0.4956326965019129,0.5307603162167067,2.0,1.936,1.8996061815272358,1.980205647171572,2.006,1.9658499870793693,2.042053645996703,1.1435011432544924,1.060928,1.139408
147,0.3,0.296,0.2719479306653075,0.3201095940805263,0.331,0.3090270608145215,0.35180950915528963,0.5,0.504,0.48420734262024145,0.5224084805963346,0.492,0.476130571220956,0.5113169115567774,2.0,1.924,1.8887139870378253,1.9577088421707483,1.982,1.944841050705645,2.0172597411132087,-0.7877223911973856,-0.7003359999999998,-0.749196
148,0.3,0.252,0.2323027317180189,0.2779230673056184,0.297,0.2753765689156198,0.3162005892132731,0.5,0.513,0.49572483813587115,0.5308785838034438,0.497,0.478167073194187,0.5144884978193801,2.0,1.921,1.8882736802551667,1.9542239157863828,1.984,1.951027439478467,2.018741590122073,-0.29752030750623004,-0.26125599999999993,-0.28966400000000014
149,0.3,0.252,0.2292752742116841,0.2757781498095613,0.284,0.26292843824975193,0.3067791421458808,0.5,0.5,0.4797911130951406,0.5173850165251219,0.494,0.4774368249096861,0.5111713239667809,2.0,1.943,1.90753584679045,1.9804232544490863,2.011,1.9760153042832902,2.044973753942529,0.8379763275324308,0.7888579999999998,0.8526639999999999
150,0.3,0.28,0.2588891810907812,0.29971911337131507,0.318,0.2998877528227351,0.3379787538749521,0.5,0.513,0.49399023198689884,0.5298533495985419,0.505,0.4872995430280526,0.5205369282183894,2.0,1.954,1.9247406924662904,1.9908157993675644,2.02,1.983913529341079,2.0507416418525652,-0.009657851019736485,-0.007816000000000045,-0.016160000000000174
151,0.3,0.262,0.2394786067969139,0.28203611458272143,0.304,0.2857297873696475,0.3234502030365459,0.5,0.537,0.5195298621066348,0.5553590226199197,0.522,0.5066188343684807,0.5396994264739038,2.0,1.939,1.9065791869399142,1.9712733450191293,2.002,1.9649842635322032,2.0345282084923366,-0.4660705715517086,-0.41882399999999986,-0.456456
152,0.3,0.288,0.25969585820891905,0.3145541806702372,0.281,0.2542819922771314,0.3022435998792041,0.5,0.469,0.44601001843236576,0.4894830292062739,0.501,0.48299492737982047,0.5222258266379768,2.0,1.912,1.8674354589400068,1.9554847401358346,2.025,1.9765191582198056,2.0662931702999243,1.4187935778474903,1.3078079999999996,1.4296499999999996
153,0.3,0.266,0.2440596177595146,0.2931829238426569,0.308,0.28354961968614356,0.33116257396693205,0.5,0.512,0.4934456528447506,0.5319370602745155,0.502,0.486000236813956,0.5212841077401541,2.0,1.923,1.8844770661222319,1.962291871453731,1.99,1.9472256864147959,2.022391590949567,0.914721435331975,0.8230439999999999,0.8955
154,0.3,0.266,0.24524429777593473,0.2852958093729233,0.302,0.2807857342800966,0.320609510438095,0.5,0.502,0.4850654379530537,0.5194597701873528,0.494,0.4783441234499946,0.5096213311137311,2.0,1.938,1.907645660143238,1.9700277435338238,2.005,1.97087857775145,2.0354794992365406,0.02439775719328141,0.023255999999999943,0.02405999999999997
155,0.3,0.26,0.23648117590921505,0.28196877078437016,0.302,0.283959049806348,0.32322928411391677,0.5,0.512,0.4950078954300355,0.5285082710936246,0.498,0.48008987358528527,0.5149716655990945,2.0,1.95,1.9195803710233008,1.98661282667097,2.013,1.9781293706372112,2.0454226705393697,-0.6087186945743663,-0.5265,-0.5716920000000001
156,0.3,0.35,0.3090978986850296,0.3813628988931389,0.46,0.28651139270413906,0.6188501458258014,0.5,0.474,0.44870793267778003,0.5008531430600345,0.37,0.19452799787809555,0.5606294045730295,2.0,1.85,1.7974924110003698,1.9008319568310634,1.844,1.6961008698543625,2.0250969880871605,-1.6774988280508372,-1.5170000000000001,-0.6675279999999999
157,0.3,0.258,0.23514418882642737,0.278378008412558,0.298,0.27670913794426083,0.31705224924869324,0.5,0.512,0.49408748818641623,0.5304824790271339,0.501,0.4859661113340217,0.5188847112888169,2.0,1.935,1.90374559727066,1.969413594113338,2.004,1.968581144629724,2.0335023078134054,-0.210919610059233,-0.2051099999999999,-0.22043999999999997
158,0.3,0.272,0.24761649380944054,0.292315193010322,0.305,0.281936580936496,0.3243423153836394,0.5,0.517,0.5001419483607781,0.5376143735468812,0.509,0.4921868118994054,0.5273302202854245,2.0,1.958,1.921895224962631,1.991828170822181,2.025,1.9894106575086061,2.063858464332135,0.8526819724035839,0.8106119999999997,0.8828999999999998
159,0.3,0.27,0.24846503427565397,0.29155728764655897,0.307,0.28815064934693385,0.32628807036914753,0.5,0.527,0.5090830454295848,0.5450754454391544,0.516,0.5002137060342952,0.5342947496505214,2.0,1.944,1.9092332252239954,1.9838618623501314,2.009,1.9708909753943489,2.043024561978418,0.8407741249660328,0.7853759999999999,0.8437799999999998
160,0.3,0.288,0.26436918510810764,0.31221664783640773,0.305,0.28381825363031843,0.32570789008967166,0.5,0.518,0.496628749169738,0.5376894310227696,0.528,0.5116123182153738,0.5498588499128149,2.0,1.965,1.921951590327726,2.005179622835667,2.054,2.0126013129438554,2.0956468990270753,-1.099793106033774,-1.08468,-1.178996
161,0.3,0.25,0.22702212480484393,0.2705705774317899,0.289,0.2689536369394416,0.30837924761221974,0.5,0.504,0.486641476377138,0.519589878263495,0.493,0.4774473741220767,0.5079493761821607,2.0,1.95,1.9178465386672565,1.9811775499918347,2.015,1.986433252076433,2.0492784861425477,-0.1926423256898382,-0.15989999999999993,-0.1813499999999999
162,0.3,0.286,0.26283470951976823,0.30706370686586176,0.323,0.3022292455884009,0.3425959132344047,0.5,0.523,0.5017530426679039,0.5398167533368443,0.512,0.49499133653226735,0.5298048419295921,2.0,1.953,1.9172586038643404,1.9873097212936242,2.015,1.9797299711622063,2.0511586184445565,0.5498749789249633,0.5077800000000001,0.5440499999999999
163,0.3,0.294,0.26827745903894357,0.3224419465160005,0.305,0.28410089475457595,0.3281374645730326,0.5,0.486,0.4667858879477315,0.5067867896697068,0.5,0.48197858227522056,0.5192481869627176,2.0,1.906,1.866849338703462,1.948357845626601,1.991,1.9505350436739575,2.0324298802229386,-1.2730068247299862,-1.1626599999999998,-1.258312
164,0.3,0.339,0.30466522031709187,0.37805101506662137,0.081,-0.2159680688725518,0.3218700750072846,0.5,0.412,0.3904140410274837,0.4380070261085305,0.512,0.44778488011799644,0.633649223715924,2.0,1.855,1.803360116958096,1.911410070898946,1.528,1.0701706249833844,2.0151300837244306,1.6322725860094258,1.48029,0.5225759999999999
165,0.3,0.272,0.2503479787264368,0.29281762185420973,0.309,0.29051682355184705,0.3294486621767813,0.5,0.521,0.503289714069501,0.5385056835302185,0.511,0.49421611004217886,0.52669255833123,2.0,1.963,1.9332366182080902,2.0018146453217303,2.027,1.9927269223195359,2.0591758721398086,0.029626044054812617,0.027482000000000006,0.028378000000000014
166,0.3,0.317,0.289491465194555,0.34434467930236295,0.314,0.28934602611399174,0.3392656409855983,0.5,0.466,0.4432957039026106,0.485742414904297,0.493,0.47052021861074217,0.5095781535854303,2.0,1.921,1.8716021294991043,1.9675176360359212,2.019,1.9805963652535334,2.0705643420132462,1.4074489676341928,1.310122,1.417338
167,0.3,0.282,0.2591317991576265,0.30650229634315757,0.321,0.30046198986354594,0.3420818240914028,0.5,0.491,0.4731887381991863,0.5079350662164827,0.481,0.4627611735799953,0.4951095076193388,2.0,1.942,1.9089346263592577,1.9704777277501884,2.003,1.9730870348515288,2.0361876103911007,-0.05685189829494908,-0.05437599999999998,-0.06409600000000015
168,0.3,0.277,0.25174250712846946,0.298534561643966,0.311,0.29223446670565895,0.33164079996200824,0.5,0.501,0.4823847054035922,0.517297621669685,0.498,0.4827910054628443,0.5157512132507784,2.0,1.929,1.8960353404295636,1.9620815103009357,1.998,1.9671876193029025,2.031334779683068,0.30357450419395615,0.28935,0.31168799999999997
169,0.3,0.258,0.23703382426294684,0.27954131078335476,0.293,0.2721051570247117,0.31128360716327447,0.5,0.505,0.4852309066506488,0.520625978329787,0.498,0.48057345127363854,0.5140997420072452,2.0,1.949,1.9146708419408727,1.982664218249515,2.022,1.9865491825648824,2.0522327293062816,0.0932456623049207,0.06626599999999994,0.07279200000000019
170,0.3,0.24,0.21654055163679659,0.2627272571915177,0.281,0.2587277854400773,0.3021536001814376,0.5,0.492,0.47343871080878625,0.5112204390814212,0.479,0.46190704633578733,0.49468527985824334,2.0,1.932,1.8963825644907062,1.9639965169572362,1.997,1.9625799643884676,2.0291896133302876,-0.3719940907043502,-0.37094399999999994,-0.39141199999999987
171,0.3,0.268,0.24361460409069904,0.28827501430977953,0.305,0.2833429612446069,0.3244655916497482,0.5,0.514,0.4945440334647325,0.5315574548653884,0.504,0.4871304913335967,0.521556218019663,2.0,1.907,1.872860896987599,1.9438751921982478,1.972,1.9387526918856577,2.011063697669288,-0.6006252008155522,-0.537774,-0.5797680000000001
172,0.3,0.318,0.2891890214950331,0.3434558002294045,0.292,0.2695590826103115,0.3182888623255373,0.5,0.448,0.4257965579214893,0.4685226690187105,0.49,0.4687251789721293,0.513797205896479,2.0,1.888,1.8437310621736585,1.9329720533855204,2.003,1.9517325283256235,2.050591672427566,-1.4873146477305568,-1.355584,-1.478214
173,0.3,0.271,0.25070879022458303,0.2930907741280483,0.314,0.29544512961213815,0.33460638440695734,0.5,0.515,0.49618913691237093,0.5338996442838407,0.502,0.48468355279604786,0.5180880395468093,2.0,1.93,1.8962537422797217,1.9662114081331763,1.993,1.9632714445222823,2.028703254219042,0.41257542168329264,0.35511999999999966,0.3826560000000001
174,0.3,0.24,0.21704806534936497,0.2639631487538389,0.282,0.2601474163150787,0.3020493852122885,0.5,0.512,0.4927772676963595,0.5297675624083824,0.497,0.4807810901516153,0.5142730049171054,2.0,1.95,1.9082074881570845,1.9857684209043915,2.012,1.9787946724051058,2.0508531309722295,-0.7872736274770962,-0.7448999999999999,-0.8048
175,0.3,0.263,0.23892865699718563,0.2841802547103089,0.305,0.283848406650508,0.32576782035770374,0.5,0.509,0.49206827296223515,0.5273925497400492,0.491,0.4735469535939258,0.5067385722961012,2.0,1.952,1.9226671469081007,1.9847974428693411,2.007,1.9739593764852115,2.0408110452956763,-0.3103799829170937,-0.29279999999999995,-0.30105000000000004
176,0.3,0.248,0.22539720365210086,0.26911979049552265,0.286,0.26309585996579143,0.30709616852722177,0.5,0.501,0.48352114304075017,0.5202152278719698,0.489,0.47159915579690914,0.5057361379958898,2.0,1.926,1.8903733587000378,1.9575655947741684,1.99,1.954408645521258,2.0215726970929957,-0.46758526280949164,-0.408312,-0.44575999999999993
177,0.3,0.254,0.23146465635544622,0.2754027920126748,0.295,0.273832884142458,0.3148167478407792,0.5,0.505,0.4875838887211124,0.5229275139716029,0.492,0.47625788976640426,0.5088447942277886,2.0,1.91,1.8799763042947826,1.9437525589984712,1.972,1.9382565606816724,2.005466428775959,0.2933341822447191,0.2826799999999998,0.3155199999999998
178,0.3,0.255,0.23143899483706062,0.2768802542787815,0.295,0.27562256919959033,0.3179727913985608,0.5,0.503,0.4861490394017839,0.5225682258091218,0.49,0.4731948714020252,0.5051613566496451,2.0,1.924,1.8914758747290137,1.9562493095271343,1.983,1.9522018050148437,2.018501642303543,0.4496143173079825,0.39249599999999996,0.4243619999999999
179,0.3,0.318,0.28793159867754275,0.34635504096280934,0.315,0.2917727682287253,0.3392243686166336,0.5,0.483,0.46026356521354855,0.5038497304656305,0.51,0.48850007338176743,0.5289845778695558,2.0,1.912,1.8628696466388017,1.955295218390889,2.009,1.9632675335632228,2.0565994623793413,-1.455917445507036,-1.3613439999999999,-1.46657
180,0.3,0.345,0.3128954040965676,0.38179675000385216,0.296,0.2703506957476837,0.3271195939817079,0.5,0.443,0.4153585221997476,0.4691006406084564,0.514,0.49062729556450485,0.5393841798786762,2.0,1.887,1.8327488492573818,1.942129782637499,2.023,1.9689304020928613,2.0842393020414325,1.7193891753468806,1.5964020000000003,1.7357340000000003
181,0.3,0.247,0.22592502674955864,0.26866224788660964,0.291,0.27244333760742084,0.3104717755218697,0.5,0.514,0.4984922435237664,0.5331100967087936,0.5,0.48357919235805674,0.5177414948197226,2.0,1.941,1.910077483395024,1.9760390617659063,2.007,1.9707954755774315,2.0365847803805415,-0.04224247935251757,-0.015527999999999986,-0.028097999999999956
182,0.3,0.291,0.26323449517386815,0.31603648497948034,0.295,0.269351558953597,0.31776680104616545,0.5,0.467,0.44698123769471887,0.48684695297047786,0.489,0.4695315002569561,0.5089230672699255,2.0,1.903,1.8624985709741324,1.9439213098303647,1.998,1.9522501505536187,2.041253824523131,1.339153992564794,1.2331439999999998,1.3386599999999997
183,0.3,0.331,0.2949488544596693,0.36704013897560583,0.288,0.25608437913392995,0.31706876689487024,0.5,0.425,0.4023706208298908,0.44787504381245624,0.478,0.4533620279568831,0.50057609637463,2.0,1.829,1.7809402134181904,1.878187966770531,1.948,1.897471275261442,1.9998050713182451,1.6426509952157162,1.4595420000000001,1.5856720000000002
184,0.3,0.273,0.24919186361478252,0.2959879811157885,0.31,0.2896511394998533,0.32992316418557355,0.5,0.526,0.5069122129537954,0.5451630526630141,0.516,0.4975649190692452,0.5324648369962139,2.0,1.939,1.9020451942628471,1.9744349421050733,2.004,1.9639494825701418,2.039607216860164,-0.817708014996084,-0.75621,-0.8136240000000001
185,0.3,0.254,0.23121337831941097,0.27694865541010855,0.294,0.27394676856574246,0.31656569422714986,0.5,0.5,0.48154258422999896,0.5196034201523508,0.488,0.4711897485180997,0.5054433926532177,2.0,1.947,1.911209640728131,1.9862469237175877,2.008,1.9744613402170124,2.048406476669076,-0.9400628739962296,-0.864468,-0.919664
186,0.3,0.342,0.306223790262569,0.3762687187005011,0.311,0.25448998446823107,0.34938490943399253,0.5,0.436,0.41549748943199816,0.46297148845004527,0.482,0.4564784787251617,0.5143576839347003,2.0,1.866,1.8183788818806395,1.9165007043398288,1.971,1.9147877396899717,2.0489065798289676,-1.558674582319701,-1.3995000000000002,-1.509786
187,0.3,0.24,0.21908723222837168,0.2620956920807343,0.281,0.25885245722750877,0.3017763360061873,0.5,0.513,0.49650595336532594,0.5317858477261176,0.501,0.4837388458146086,0.5188381791043566,2.0,1.954,1.9216015831081805,1.9863802916013138,2.025,1.988427474492952,2.05718716284183,-0.07036676831201705,-0.04689600000000005,-0.03645000000000009
188,0.3,0.268,0.24284470403058417,0.28853313043757306,0.305,0.2850496791526075,0.32538298094988877,0.5,0.515,0.4990178486336313,0.5322152836968055,0.509,0.4908902066429528,0.5264062820504148,2.0,1.934,1.901428577603197,1.9643763684598818,2.005,1.9736284419899621,2.0422699397145934,0.14868777488396967,0.12377600000000011,0.1403500000000002
189,0.3,0.268,0.24265566938045358,0.2987579211890949,0.29,0.2671404252662567,0.3132034533234273,0.5,0.48,0.4594674294027159,0.4992314646154802,0.486,0.46722367742638693,0.5044998427278375,2.0,1.91,1.867627076119868,1.9478058525765012,1.987,1.9439919101919014,2.0267486723737322,1.113447545883961,1.02376,1.108746
190,0.3,0.249,0.2285326674705761,0.27100389787055934,0.29,0.26932904204457775,0.30890449516064755,0.5,0.515,0.4976069439767076,0.5333268133576177,0.503,0.4860472757866929,0.520173885059243,2.0,1.96,1.9262123908808388,1.9967977285897014,2.025,1.99171739346058,2.0620280549952406,0.7424745820901988,0.6859999999999999,0.7371000000000003
191,0.3,0.317,0.2808473062580529,0.3520997963128917,0.276,0.24829869099410656,0.301004945233252,0.5,0.437,0.413397639898644,0.45865335359061216,0.495,0.47326025638936736,0.5162740513780295,2.0,1.845,1.7964309751915517,1.8895277687789258,1.977,1.931598913151346,2.026813356958356,-1.6271852283582198,-1.45386,-1.589508
192,0.3,0.253,0.22785182326502607,0.2751017639615552,0.293,0.27204467196859555,0.3145535384020093,0.5,0.508,0.4897518255274173,0.5267576707619325,0.499,0.48124720423690476,0.5162423443159971,2.0,1.915,1.883694360211452,1.9496499698639131,1.98,1.9489784279035158,2.0162525636387394,-0.5021469541433512,-0.43279,-0.4672799999999999
193,0.3,0.403,0.3589880238375485,0.4511621612235675,0.303,0.2630477974919594,0.3358742895772347,0.5,0.396,0.3677889185245764,0.42568092428624243,0.484,0.45849776476988646,0.5121874387784755,2.0,1.789,1.7231332838970514,1.844556054965691,1.941,1.8792869587495433,2.008509074647531,1.7787885558243048,1.560008,1.711962
194,0.3,0.263,0.23965015206779666,0.2854640838368161,0.302,0.2811385311832695,0.32266157316645244,0.5,0.521,0.502242587622473,0.5394389909921383,0.512,0.4947294920660623,0.5283985936067592,2.0,1.96,1.928164220023747,1.9972953599877152,2.026,1.9958097949270739,2.0641020514484048,0.448518969785173,0.41159999999999997,0.4457200000000001
195,0.3,0.322,0.2915713578200609,0.34800188997341974,0.313,0.2912251892525396,0.3352446756193306,0.5,0.472,0.4515717748264092,0.49482536075188877,0.508,0.48730862829662713,0.5266498138854613,2.0,1.924,1.877967146443651,1.9780868786842765,2.036,1.9917628877912446,2.082916265623801,1.4284770031312415,1.342952,1.4659200000000001
196,0.3,0.253,0.22688453375645082,0.2752705228051038,0.29,0.26799094694528386,0.31410701806260477,0.5,0.505,0.4843656908231386,0.5228212069502934,0.5,0.4831173683425212,0.5199614185297049,2.0,1.928,1.8879489811588435,1.9641503822955828,1.998,1.9626156679462134,2.038197325342845,0.9578044766043394,0.8714559999999998,0.9430560000000001
197,0.3,0.254,0.23442646994444716,0.27629068551905045,0.299,0.28007633524939035,0.32021771195069537,0.5,0.525,0.5062803763647165,0.5408167426762591,0.508,0.48961042337196875,0.5253665137827953,2.0,1.932,1.9000761109426403,1.9655173059755542,1.993,1.9594241337323564,2.0270101106702096,-0.45440718190659535,-0.39026399999999994,-0.41852999999999985
198,0.3,0.251,0.22842837809344962,0.27241108632456407,0.294,0.2749351241357398,0.31374008162053635,0.5,0.508,0.48877025506716576,0.524075889390517,0.5,0.4860975307150496,0.5173857464164142,2.0,1.93,1.8956923176954565,1.9638841467174477,2.003,1.96975244070546,2.0351997906310757,-0.06429270669364917,-0.08106000000000013,-0.08412600000000015
199,0.3,0.323,0.29725221488314724,0.35481642117529516,0.319,0.29516345409995615,0.3421963429676186,0.5,0.482,0.45852078178358885,0.5038536305093967,0.509,0.48814603209748375,0.5282235913262012,2.0,1.918,1.8698027588840704,1.9615745974386793,2.016,1.9706247655520643,2.0644743892390838,-1.4779086236055918,-1.38096,-1.487808
200,0.3,0.266,0.23937795372487758,0.29023027719893946,0.299,0.2755648453270663,0.32054826387986307,0.5,0.506,0.4869886373292123,0.5261002321876846,0.499,0.4808602634573534,0.5180714104869004,2.0,1.939,1.9055103039003254,1.981707620368717,2.005,1.9656545049931162,2.04364394344915,1.0374044127621778,0.9850120000000002,1.0506199999999999
201,0.3,0.251,0.22974545513758587,0.2759863704969084,0.293,0.27213446270654446,0.31356178380067934,0.5,0.499,0.4819659544915347,0.5180943846379175,0.49,0.4752794851665965,0.5080587340651668,2.0,1.932,1.899236583674446,1.9650261607764459,1.997,1.9690244551321854,2.033134381254172,0.09353517009538503,0.07728000000000002,0.083874
202,0.3,0.25,0.229688881818913,0.27079567386607206,0.29,0.27263923205119134,0.31135241463571517,0.5,0.517,0.49854235993878215,0.5340899021225729,0.507,0.4925903761039535,0.5249809220077052,2.0,1.963,1.9289137055061243,1.9966260663246327,2.032,2.0022334302744915,2.067883920393593,0.17788177621048362,0.14526200000000022,0.15849599999999997
203,0.3,0.269,0.24388356681814705,0.29413086349028733,0.288,0.2659148744890235,0.3120289776356591,0.5,0.486,0.4644707000400247,0.5029269013695585,0.492,0.47310351355855434,0.5109163165678214,2.0,1.923,1.883922841437905,1.9660139883464003,2.002,1.9655366841590238,2.0429554958127687,1.1634740423544643,1.07688,1.169168
204,0.3,0.367,0.3303149366234209,0.40291268916484185,0.315,0.284618884572755,0.34534308042919915,0.5,0.427,0.3959045841991178,0.44978090613794125,0.493,0.4674085435777781,0.5148405869083924,2.0,1.871,1.8162901975835517,1.928830951212352,1.998,1.9408376752194316,2.057284198527301,-1.712903546449185,-1.575382,-1.702296
205,0.3,0.267,0.2465703016616266,0.28827060636570684,0.305,0.2845251632124147,0.3228994576646136,0.5,0.509,0.4905330365859827,0.5264230191113369,0.494,0.4791382613280417,0.5119070840299856,2.0,1.957,1.925114791111455,1.988442284955305,2.017,1.9854901400575538,2.0512297176948384,-0.020780191776359924,0.003913999999999973,0.0
206,0.3,0.261,0.23891421023023707,0.2868589139926198,0.297,0.2742845491181365,0.3172917890859084,0.5,0.503,0.4852438302923096,0.5216617891906594,0.495,0.4784317643716225,0.5136379431994572,2.0,1.927,1.8905769804521129,1.9640221516469663,1.997,1.960349037077389,2.034245262642678,0.7897856619759573,0.7322599999999997,0.7948059999999997
207,0.3,0.264,0.24321637138440713,0.2872338046146889,0.306,0.2878332346766439,0.3282636215387064,0.5,0.525,0.5065659568762219,0.5421330643369647,0.511,0.49152296752509206,0.526653049906415,2.0,1.93,1.8959389143615066,1.9624614670319322,1.993,1.9620983718761906,2.027259096741697,-0.42827185209994445,-0.40144,-0.430488
208,0.3,0.268,0.24690350078234818,0.2903511146300053,0.313,0.29339695997579046,0.3323343071641353,0.5,0.514,0.49512825643203345,0.5314790604747299,0.5,0.4829920776796961,0.5169295887646345,2.0,1.941,1.908220086917741,1.9774159948643542,1.999,1.965080476600128,2.030112481385739,0.2181319233358363,0.2290380000000003,0.23988000000000032
209,0.3,0.253,0.2326512063024777,0.2756949651928618,0.3,0.2779889114441163,0.3189458912069766,0.5,0.512,0.49551966753377885,0.5298340169906042,0.496,0.47927498025862025,0.513596592380176,2.0,1.923,1.8886828916949716,1.9555967586581022,1.982,1.9503155904581102,2.017426733033134,0.4382623007444941,0.36921599999999977,0.40036399999999994
210,0.3,0.269,0.24936560071915578,0.29107016572961586,0.304,0.2828751212311965,0.3225780203649317,0.5,0.512,0.49349638345205366,0.527500727407826,0.502,0.4865107184781496,0.5198919122177063,2.0,1.943,1.9117341250444928,1.9726830486651488,2.013,1.981453195837484,2.0457857359221125,-0.21137123606334574,-0.17486999999999986,-0.189222
211,0.3,0.263,0.23970522941537395,0.286091112546217,0.302,0.2803387178673984,0.32522050824738996,0.5,0.491,0.4724716546867967,0.5077618756209107,0.48,0.4631870674935044,0.495791681105336,2.0,1.915,1.8814086342014407,1.947938617628958,1.975,1.9404010524205237,2.008311418617294,-0.4271994823166756,-0.36768,-0.3871
212,0.3,0.248,0.22708290605032655,0.26917468321669646,0.283,0.2640278556492782,0.30470404247128946,0.5,0.509,0.4924077785112611,0.5298917464987979,0.501,0.4848316420761544,0.5188980732265039,2.0,1.954,1.9239896635494997,1.9900592344264771,2.026,1.993235304647109,2.062295631076585,0.1292203150655724,0.15632000000000024,0.17018400000000034
213,0.3,0.273,0.25059624852366874,0.2958551890756848,0.311,0.2911422965485374,0.33044336085251064,0.5,0.496,0.4802251898148687,0.5153384776609617,0.486,0.47031644930015787,0.5035884063970797,2.0,1.936,1.901841460050152,1.968448241818125,2.002,1.9686009336075803,2.0293498929059686,-0.2770661382052637,-0.282656,-0.3123119999999999
214,0.3,0.247,0.22695275221422254,0.27018706052842845,0.287,0.2663786345370719,0.30601418010984377,0.5,0.503,0.48451205201366576,0.5223254329058677,0.491,0.47582588770252016,0.5069020735819051,2.0,1.937,1.8995832550306686,1.965198949057029,2.002,1.9686365248781044,2.035501551409255,0.3711842975428077,0.36802999999999986,0.38838799999999996
215,0.3,0.259,0.23551541824642047,0.28098267909171964,0.299,0.27675538077245837,0.3173666408389947,0.5,0.509,0.4906200971457723,0.5266497544850395,0.497,0.480455401416058,0.5143982750205113,2.0,1.899,1.8653589158371746,1.9294793092758844,1.965,1.9312010901559014,1.9967080610854704,-0.18474083555105136,-0.15191999999999983,-0.17684999999999995
216,0.3,0.282,0.2608083697889073,0.30324198312106293,0.316,0.29668894535094487,0.3349029517777166,0.5,0.518,0.50043924112159,0.5347815003737982,0.51,0.4923995311579858,0.526397350186136,2.0,1.943,1.9131174768092432,1.9772664136443001,2.01,1.9771638603835553,2.043509950936094,-0.37839700130204257,-0.34196800000000005,-0.36984000000000017
217,0.3,0.301,0.27300947713979673,0.3278049173680244,0.299,0.2771680746429421,0.32340177015378685,0.5,0.482,0.4602981218242889,0.5027952761257356,0.512,0.4919231668096906,0.5303364749340753,2.0,1.914,1.869174864123756,1.9612043286930616,2.027,1.9775904260206918,2.068756621434059,-1.3760461442361194,-1.278552,-1.4026840000000003
218,0.3,0.244,0.22330966277100617,0.26697983135280956,0.28,0.25923908794432193,0.30096530140373434,0.5,0.498,0.47876669894020335,0.5147237130043042,0.485,0.46572968215321137,0.5003454224244213,2.0,1.928,1.8941564368553747,1.96464143217523,1.988,1.9553777342036867,2.023340284990625,0.8418612328689079,0.7634879999999997,0.8270079999999997
219,0.3,0.28,0.25578042811977986,0.29892767293248684,0.319,0.2984531679746394,0.34010845197333167,0.5,0.513,0.494568071341153,0.5310585304775152,0.503,0.4865724899303516,0.5199477139842322,2.0,1.955,1.9195144622093583,1.9935896874646448,2.017,1.980032682854036,2.050425323531564,-0.602994034494085,-0.5786800000000001,-0.6131680000000002
220,0.3,0.246,0.22360561046242441,0.2680377398389813,0.286,0.26571536284362085,0.30669093401931374,0.5,0.5,0.4813815809272874,0.5180547125387769,0.492,0.4744075131052307,0.507871361118231,2.0,1.926,1.8931747821726723,1.9616471882615185,1.999,1.963585764417914,2.0293056129913634,0.5572989802111503,0.53928,0.5877060000000003
221,0.3,0.271,0.249735075353436,0.293371121572919,0.305,0.2857400382153126,0.32596462958491473,0.5,0.497,0.48174462713749794,0.5153351615151737,0.49,0.4721307863393977,0.5048530080356199,2.0,1.915,1.8834341489809046,1.9474441124890511,1.977,1.945175634795713,2.0090939174462843,0.38231663590612497,0.3638499999999998,0.38353799999999993
222,0.3,0.255,0.2352828654338379,0.27856529038524735,0.292,0.2725343252940137,0.3128321457633933,0.5,0.504,0.4870280292440935,0.5234408957843176,0.495,0.479731548426231,0.5114511876200771,2.0,1.929,1.8979078499994342,1.9662607375693961,1.996,1.966319249275546,2.027522335269067,0.3150293852579331,0.25848599999999977,0.2874239999999997
223,0.3,0.257,0.23260042331143088,0.27759625015492434,0.299,0.2791385476325456,0.318031185937106,0.5,0.522,0.5034449486999434,0.5380959200977342,0.508,0.49059224184734174,0.5231676650291647,2.0,1.956,1.9218620466393492,1.9924389258696638,2.015,1.9806311731442705,2.046884368364727,0.2360025077474046,0.21124800000000032,0.2256800000000001
224,0.3,0.259,0.23909003125950648,0.27878371817182357,0.295,0.27693844498350123,0.3155343705232679,0.5,0.52,0.5014426926564994,0.5381501598312688,0.508,0.4915696061599127,0.5248887348615571,2.0,1.956,1.9204840011958064,1.9883877506754728,2.022,1.9893833472466191,2.054483295443004,-0.35908722755953737,-0.32078399999999996,-0.35587199999999997
225,0.3,0.252,0.22802795524920627,0.27308215655894763,0.29,0.26845240381990176,0.31031702261531713,0.5,0.506,0.48827457051523737,0.5245870129690732,0.497,0.48126602638989663,0.5124991329252565,2.0,1.945,1.913958475498655,1.9770287588162114,2.012,1.9819660597408841,2.047612801220071,-0.22603529818842727,-0.18283000000000005,-0.19717600000000002
226,0.3,0.26,0.24032586053614663,0.28131257132129633,0.301,0.28192895264675644,0.31916008795177114,0.5,0.516,0.49877679768020805,0.5334249910154576,0.504,0.4872464434947841,0.5210138253649823,2.0,1.926,1.8925734554165552,1.9627110307870683,1.99,1.9601023380053086,2.0243411919625767,0.4910294101882924,0.46223999999999976,0.49749999999999983
227,0.3,0.28,0.25578898780894965,0.30423453412114565,0.309,0.2885607252870976,0.33125290468807417,0.5,0.498,0.479128377304895,0.5148094198264977,0.496,0.4755761256370625,0.5120440116252807,2.0,1.944,1.904615009323753,1.9792317774712005,2.019,1.986089636657797,2.057096888767657,-0.8881355761906007,-0.8242560000000001,-0.896436
228,0.3,0.262,0.2443341323367517,0.2829793206064095,0.303,0.284967584516127,0.32347942935618557,0.5,0.531,0.513723818015371,0.5493957940196204,0.514,0.49735217388957975,0.5333753905313462,2.0,1.971,1.9379707333361331,2.006779811530105,2.035,2.0041118937119804,2.070305085179444,0.2164355962411295,0.20498400000000006,0.2238500000000001
229,0.3,0.245,0.22077399021578106,0.2684605003801896,0.277,0.2512893036907524,0.2963179658803472,0.5,0.49,0.4740593678105697,0.5070704651277207,0.483,0.4669781596832815,0.4990776001422718,2.0,1.921,1.8900583843906729,1.954699115585174,1.984,1.9495731324226588,2.0199363506063848,0.6983004843055314,0.6339300000000001,0.682496
230,0.3,0.288,0.2668470458541215,0.30957336701752974,0.32,0.301308570848895,0.3423676004481885,0.5,0.507,0.48855757497067515,0.5231511816308515,0.5,0.4843457598008016,0.5163166017478206,2.0,1.936,1.9025215292247994,1.9680062217795222,2.004,1.9705279453252482,2.0363834324535883,0.467187578739118,0.41043200000000013,0.44889599999999996
231,0.3,0.284,0.2577010017713745,0.3082309492027853,0.299,0.2756854216140153,0.32304993635346396,0.5,0.49,0.47441320249517793,0.5117997171711598,0.503,0.48447675430552545,0.5211089021567605,2.0,1.926,1.8855147936265912,1.9563359241996525,2.009,1.9688819782299034,2.045846577360016,-0.9883814540538671,-0.8821079999999999,-0.960302
232,0.3,0.258,0.2368704317931483,0.2780004130729703,0.302,0.2823822529109809,0.32093302095335563,0.5,0.524,0.5055392436530783,0.539921977048935,0.503,0.48841990153529347,0.5200297985166392,2.0,1.969,1.936351724224748,2.0019601958147164,2.022,1.99127793773952,2.055660110005493,-0.2811487460707687,-0.27566,-0.29521200000000003
233,0.3,0.269,0.24839561408524066,0.2890907383559567,0.309,0.28981994666065614,0.32836114661750715,0.5,0.528,0.5085885911282124,0.545308885898337,0.512,0.49671695944521094,0.5303060737732578,2.0,1.941,1.9097844338726724,1.972534749310025,2.005,1.9732282220598905,2.0370917953634198,0.28983823094450445,0.27562200000000003,0.2967399999999998
234,0.3,0.289,0.2618838514098966,0.31146093023153065,0.306,0.28514493451440576,0.3269290993327161,0.5,0.503,0.4859041608221026,0.5235835375078693,0.512,0.4929496899497041,0.5304794778844834,2.0,1.971,1.9342379102477982,2.0148714233361202,2.048,2.0061964483067305,2.091771957200458,1.06404742042695,1.032804,1.118208
235,0.3,0.273,0.25177651621619207,0.2929882578001453,0.307,0.28804761050232974,0.3259580422673252,0.5,0.512,0.4944404682591978,0.5300153022000277,0.503,0.48776801135202463,0.5235394118791478,2.0,1.962,1.935226588088368,1.9980775084848044,2.027,1.9924920961503259,2.062681878136221,0.4206681155873504,0.3727799999999999,0.40539999999999976
236,0.3,0.265,0.24193247886336797,0.2861198224425832,0.308,0.28815527567437255,0.32943052726738314,0.5,0.52,0.5018644813996415,0.537949477634935,0.504,0.48828766763993164,0.5198459639601373,2.0,1.968,1.9316083976891347,2.0048106587175525,2.023,1.9861611262979186,2.0575678508693502,-0.8484618889609716,-0.8029440000000001,-0.8537060000000001
237,0.3,0.263,0.24045873188167022,0.28331370361397185,0.298,0.27624218080229496,0.3176055805542969,0.5,0.501,0.4854125804953949,0.5179027595029844,0.493,0.4767640272299627,0.5089722988548994,2.0,1.959,1.9253012522982513,1.99500680247516,2.023,1.9898394071837582,2.057109002892239,0.6510585389657346,0.6190440000000001,0.6675900000000001
238,0.3,0.259,0.23536537002759778,0.2858382771651534,0.287,0.2660485466576281,0.30933783814094046,0.5,0.51,0.49100665648112946,0.5282322817035837,0.51,0.49301569498582726,0.5272855786721623,2.0,1.943,1.9005015729785442,1.9847342121159712,2.023,1.9876147487137341,2.0644118471143265,-1.1258151150067819,-1.045334,-1.13288
239,0.3,0.23,0.20833909079239218,0.25317946352117926,0.273,0.2548651626716354,0.29407540779528446,0.5,0.51,0.4927392873328403,0.527837239361099,0.497,0.4802117348544414,0.5130994807492214,2.0,1.956,1.9249504726508817,1.988166421074456,2.023,1.9899104705097932,2.0553984402277083,0.09398974008177197,0.07824000000000009,0.08091999999999988
241,0.3,0.261,0.23863465785856575,0.28454358820990405,0.3,0.2790291577174102,0.31916644554100726,0.5,0.509,0.49106591580774733,0.5261526829118317,0.497,0.4803180247055185,0.5140226435834363,2.0,1.942,1.9128193914130425,1.9781592350473463,2.007,1.9699365755323544,2.039101437626777,-0.6036187036754077,-0.56318,-0.606114
242,0.3,0.29,0.2599504950685349,0.32369313263784427,0.284,0.2573494070665807,0.3103909735755503,0.5,0.464,0.439956457705315,0.48371680842635595,0.493,0.4711917997433463,0.5126848440971097,2.0,1.897,1.849906418688297,1.9492388689135824,2.002,1.9527082244524157,2.0502987158654533,-1.4840262805530244,-1.358252,-1.4734719999999997
243,0.3,0.284,0.2598511008053126,0.30610827599720425,0.322,0.3022439750286326,0.3433190055829468,0.5,0.54,0.5196504710931101,0.5573810642916279,0.529,0.5101595097950593,0.5459003855224723,2.0,1.928,1.889590874086698,1.962394043405173,1.996,1.9553712620136172,2.0311533353140794,0.9333628238726606,0.8675999999999999,0.9381200000000001
244,0.3,0.256,0.23040166288107516,0.2784729876040965,0.295,0.2753243923881905,0.31564394883552865,0.5,0.516,0.5000361028690115,0.5330137217780028,0.509,0.49177750352686844,0.5254523919481839,2.0,1.939,1.9051035171841786,1.9689341337192454,2.006,1.972749497496936,2.0375656901889174,-0.1701783575385607,-0.178388,-0.18856399999999995
245,0.3,0.258,0.23700098383781976,0.28123873010939754,0.299,0.2816859317795843,0.3183018999398103,0.5,0.521,0.5026848536171313,0.5386673295567631,0.505,0.4897653554331772,0.52256844955521,2.0,1.97,1.9387403816456348,2.004301585890513,2.033,1.9969544903194838,2.066128064218807,0.30158467935163724,0.3151999999999997,0.33341200000000004
246,0.3,0.255,0.2328392655217138,0.2790693902925058,0.295,0.27403267421981536,0.3177449541668739,0.5,0.506,0.4876720227571689,0.5254845234293075,0.49,0.47461462191210213,0.5097476604582406,2.0,1.957,1.9178751086665147,1.9892707254011461,2.019,1.9869574852561538,2.0556189211371767,0.592875307598407,0.544046,0.5935860000000002
247,0.3,0.252,0.22884194543113207,0.27427467253187526,0.296,0.2753196221523117,0.31514491689963553,0.5,0.507,0.48962789308564203,0.523530623466516,0.493,0.47805490886748503,0.5092660961351474,2.0,1.923,1.8905101830407864,1.9535427584192422,1.981,1.9464260026767362,2.009641176704074,0.4417815343663247,0.38844600000000007,0.41204799999999975
248,0.3,0.274,0.24978805461860126,0.2995454013011503,0.308,0.2867581540888656,0.3284646672792033,0.5,0.51,0.489042504853828,0.5258174639767657,0.505,0.4890858335793375,0.522479089110798,2.0,1.952,1.9168422020202665,1.9891922566668185,2.024,1.9847481971788152,2.0582225227784705,0.9588580304294871,0.91744,0.9998559999999999
249,0.3,0.275,0.2507877673487778,0.3018041364159097,0.313,0.2929945622725474,0.3323256308248595,0.5,0.496,0.4792092041735855,0.5150892309358733,0.486,0.4689940822444792,0.5025077932762967,2.0,1.924,1.886408202150829,1.9565966196387834,1.988,1.9499322841535511,2.0207733087523456,0.7420272098125889,0.6810960000000001,0.7315840000000002
250,0.3,0.293,0.26390815577591964,0.321099267893794,0.314,0.29160147699982986,0.335960634536143,0.5,0.49,0.4700712004674166,0.5106489985359063,0.498,0.48022343470750006,0.516716188985629,2.0,1.914,1.8635157682146744,1.954704386728799,1.998,1.9578335477502353,2.0423186325822726,-1.200820274575297,-1.098636,-1.190808
251,0.3,0.248,0.22616958228340928,0.27069045239818257,0.289,0.26775268089028237,0.3085025475310521,0.5,0.519,0.5007231348821826,0.536836664733392,0.503,0.4871928623137303,0.5223751256028776,2.0,1.972,1.9378096630265456,2.0111662234857395,2.035,1.9986809841829183,2.073469244381977,0.6782086834258765,0.6428720000000001,0.6919000000000004
252,0.3,0.265,0.23986938044881445,0.28881877552259355,0.295,0.27276946132827234,0.3160107202539965,0.5,0.508,0.4909794977866982,0.5258821943643271,0.508,0.49162375051283214,0.5257251928739536,2.0,1.952,1.9129077806484827,1.9869570794896614,2.029,1.9922646038085638,2.0640991274038623,0.8691413804190544,0.788608,0.8562379999999998
253,0.3,0.269,0.24402842497081104,0.28973850356611003,0.302,0.2805676038119673,0.32325534447736726,0.5,0.494,0.47724736810903984,0.5142604801256642,0.485,0.46812507303300804,0.5017639068798159,2.0,1.914,1.8791788146031831,1.9455566134779,1.974,1.938000296609326,2.005395473370815,-0.5830022599675895,-0.53592,-0.576408
254,0.3,0.263,0.2391640566959481,0.28808352792282377,0.283,0.25751944121647374,0.30294547772674585,0.5,0.496,0.4747700995412616,0.5141166213561651,0.502,0.4827963740661946,0.5179877296845634,2.0,1.93,1.8942644677830476,1.972048020297166,2.017,1.9765101195604682,2.0553051167986163,1.1282488474667711,1.03062,1.125486
255,0.3,0.28,0.25728223009333434,0.30718061082203296,0.307,0.2852071869866242,0.32795338910324695,0.5,0.501,0.4834199725539723,0.5193795284620691,0.503,0.485287545334803,0.5209569580122833,2.0,1.932,1.8971771401368296,1.9759701187747654,2.011,1.9739855140454896,2.0459971231437923,0.8957740799824201,0.8153039999999998,0.892884
256,0.3,0.307,0.27774914469266154,0.3445027175264985,0.281,0.2530617988865708,0.30943576589528454,0.5,0.448,0.42719733856426795,0.4707399399865516,0.497,0.47319745289359993,0.518934569015134,2.0,1.871,1.823089794654798,1.9210615291943285,1.992,1.9334828959388262,2.0378287983436842,-1.559555951320651,-1.425702,-1.55376
257,0.3,0.262,0.23860237145037086,0.2824362049149243,0.303,0.2832855665806267,0.32563920366713106,0.5,0.499,0.4816224232424797,0.5187152357448083,0.487,0.4703713663370656,0.5043062651332417,2.0,1.923,1.8887320363597002,1.9561632264600906,1.985,1.954599091784943,2.018118853695664,0.10731297381641447,0.08461199999999991,0.09925000000000028
258,0.3,0.261,0.24036784365588934,0.2849237425204186,0.305,0.28151416528252154,0.3246236756665895,0.5,0.508,0.491791295080203,0.5258175923620906,0.492,0.47289075203582615,0.5054743151009232,2.0,1.95,1.9190399900437254,1.9841000130548276,2.008,1.9724043722323057,2.037421131465896,0.2534438440160849,0.21840000000000015,0.23292800000000025
259,0.3,0.264,0.23974188858425138,0.2880283040763951,0.299,0.27604824089625796,0.32082700166571093,0.5,0.501,0.48276569028532573,0.5195937149668964,0.496,0.4768122544270517,0.5103104694301582,2.0,1.924,1.886468994834652,1.955315221398966,1.995,1.960532779303306,2.0353158844412342,0.917542355872782,0.838864,0.9057300000000001
260,0.3,0.258,0.23778975041229716,0.279089430884651,0.297,0.2756197525491323,0.3167504252809193,0.5,0.506,0.4885915693432934,0.5250367326363169,0.495,0.4779729180986353,0.5115699820669238,2.0,1.939,1.908510270962601,1.9729380310740496,2.005,1.9750120706119167,2.0374883606878558,-0.37724483837814793,-0.321874,-0.3528800000000001
261,0.3,0.283,0.25819147790220714,0.3097893503391694,0.308,0.2865144510074834,0.33051812315413115,0.5,0.495,0.47461354578522585,0.5143062905580951,0.498,0.4802774073150763,0.5172491100615675,2.0,1.893,1.8489695083288271,1.926924200242325,1.969,1.9265161979373393,2.0016515419660847,-1.0357915793747035,-0.916212,-1.0002520000000001
262,0.3,0.387,0.3433196924313618,0.42651188812118196,0.31,0.2841705048098285,0.3440218338978861,0.5,0.422,0.39339153597251136,0.4528254496426701,0.512,0.48290042655653936,0.5352387194121108,2.0,1.883,1.8221481523813117,1.940499667719872,2.043,1.9751813227126127,2.10018542618655,-1.7701193506931263,-1.649508,-1.8100980000000002
263,0.3,0.298,0.26838327429558784,0.3245807965606719,0.296,0.2725017960495736,0.32186035857058554,0.5,0.474,0.45488080087796134,0.49551663461017553,0.5,0.48056599398110794,0.5182280794502349,2.0,1.963,1.919736600462388,2.0064779728565147,2.067,2.0208423435411227,2.1122408612512324,1.3481574897302062,1.2955799999999997,1.409694
264,0.3,0.266,0.2417165165597126,0.288727317432446,0.305,0.2820540038129685,0.32280993898777055,0.5,0.517,0.49992497435329947,0.5355786719004009,0.501,0.48544471063260186,0.5192772037019122,2.0,1.943,1.9055621808069816,1.978261266099638,2.001,1.964332894815097,2.0359627402641056,-0.924753006947072,-0.8821219999999999,-0.944472
265,0.3,0.265,0.2407701863861702,0.28937307654393485,0.288,0.26706665996596074,0.3084157847208658,0.5,0.501,0.4822359891189406,0.5212827426953459,0.508,0.49037460303854324,0.5250762506277193,2.0,1.901,1.8591097900631741,1.9398821765343912,1.992,1.9531964528601526,2.0316921994570705,1.1435719077087483,1.0303419999999999,1.131456
266,0.3,0.249,0.22385809831686243,0.27251981866527025,0.292,0.2697809954973539,0.31420662683849204,0.5,0.507,0.4899383492678243,0.5250175011880268,0.499,0.4820807212486642,0.515849775222098,2.0,1.929,1.895099794733246,1.9623689165659688,2.002,1.968922975253707,2.03863422254712,-0.4993144944811818,-0.45138600000000006,-0.508508
267,0.3,0.276,0.25145719981231235,0.30290348628947245,0.3,0.2783261983921803,0.3209952535958292,0.5,0.494,0.47254409538263376,0.5139194818141829,0.501,0.4821772690010558,0.5206924633511574,2.0,1.933,1.8889964641888637,1.9772229595169775,2.02,1.9697989384036918,2.059632576169888,1.210555355534436,1.113408,1.2079600000000004
268,0.3,0.352,0.3113952826558452,0.3875789289449478,0.306,0.27526033779015024,0.33627010729799267,0.5,0.424,0.3967188840493175,0.4511874093822029,0.486,0.4625305511411059,0.5119764774482369,2.0,1.871,1.8104760609231731,1.92648572401562,2.0,1.9391817046835502,2.0584117677825686,1.753794220288679,1.6165440000000002,1.7480000000000002
269,0.3,0.26,0.23343197863094708,0.2827052005626244,0.296,0.27597608647874283,0.31909363492300025,0.5,0.525,0.504414512875418,0.5448357320385389,0.514,0.4943705037608515,0.5318568411745693,2.0,1.964,1.9265721642433997,2.0034432883626163,2.033,1.993763042690594,2.0734455311109956,-0.8547925812724506,-0.817024,-0.882322
270,0.3,0.272,0.24921037311886554,0.2916733423920825,0.313,0.2919215580784611,0.332190370844929,0.5,0.518,0.49951140166562774,0.5355549488198887,0.508,0.49163049983341595,0.5258895358593457,2.0,1.948,1.915304205517842,1.9810805480961642,2.016,1.9804480550157866,2.047496516496857,-0.40836489719656854,-0.3818079999999999,-0.427392
271,0.3,0.258,0.23279836576870602,0.27777984570486575,0.302,0.27932654305268007,0.3208543786800132,0.5,0.524,0.5045681326765789,0.5453040783584815,0.505,0.4873020267214701,0.521539198997986,2.0,1.962,1.923079964368365,1.9958247669573166,2.016,1.9844585272805386,2.0514917168185414,0.6721575632643839,0.6435360000000003,0.6814080000000002
272,0.3,0.283,0.259928786798624,0.30511841764261577,0.319,0.29659809140499505,0.3401027606518933,0.5,0.504,0.48663950317650323,0.5233653821115044,0.497,0.47674687090873086,0.5122695599040586,2.0,1.947,1.9054367012517883,1.9828365014745517,2.013,1.9748331241462722,2.0500672512592484,0.8471648660321542,0.79827,0.8575379999999999
273,0.3,0.271,0.2430989988011446,0.2933577441004122,0.3,0.2764917785930935,0.3217239118911637,0.5,0.487,0.46806993830564914,0.5061914538033663,0.488,0.4709567218608533,0.5058112921364786,2.0,1.923,1.8862861618794076,1.9606265806601406,1.997,1.9616975546579594,2.0361208982185848,-0.9951069286751251,-0.899964,-0.970542
274,0.3,0.276,0.2520369826066937,0.30160994919973627,0.293,0.2683815727552033,0.31413613217085395,0.5,0.485,0.46283244282989616,0.5053074793895048,0.494,0.4770523218358844,0.5138574004770883,2.0,1.967,1.9252145897864783,2.010674643366447,2.049,2.006653194074671,2.092208824316321,-1.2269228504623593,-1.192002,-1.282674
275,0.3,0.263,0.23845561769227447,0.2848782948219813,0.293,0.2708490267578271,0.31511888280492273,0.5,0.502,0.48311988518860044,0.5213380735500615,0.497,0.4803353583115842,0.514961290221284,2.0,1.92,1.8794994555543072,1.9540070881664355,1.992,1.955826354908753,2.0285935117420237,-0.9428796103703996,-0.8639999999999999,-0.940224
276,0.3,0.243,0.22251324827013635,0.26617207683177424,0.282,0.26194842696758425,0.3050777639811653,0.5,0.499,0.4807955473273117,0.5154698323456249,0.489,0.4708773608844856,0.5038272146242968,2.0,1.927,1.89052406534576,1.9577821384293796,1.995,1.9605853908922053,2.0282612382000895,-0.29193421429912014,-0.25821800000000006,-0.2793000000000001
277,0.3,0.289,0.2624624307157206,0.3150274968009076,0.312,0.2902747372762876,0.33615968693822335,0.5,0.498,0.48034758959388635,0.5179831044033794,0.503,0.4851537462359399,0.5205548054845397,2.0,1.937,1.9003821858638157,1.9764758607577084,2.017,1.980532728878077,2.058504996788147,-1.1011510896151284,-1.018862,-1.105316
278,0.3,0.272,0.2449651907344405,0.29991168021583187,0.292,0.27056201431531174,0.3132571997910369,0.5,0.487,0.465905907055132,0.5039630436840633,0.495,0.47507189025244634,0.5123639086883969,2.0,1.916,1.876949824955025,1.9551437872216721,2.0,1.9569307457230243,2.035372878143084,-1.1395919605848337,-1.042304,-1.1360000000000001
279,0.3,0.245,0.22516083512287197,0.26684817963227664,0.288,0.2659194473447162,0.30580796112929404,0.5,0.506,0.4901182712411217,0.5253143207513652,0.491,0.4745229131250418,0.5061051062051454,2.0,1.964,1.9283646577570615,1.9952619848332331,2.029,1.9927963591056694,2.0607318706671083,0.2958248861752186,0.27495999999999965,0.29623399999999966
280,0.3,0.281,0.2532362395178001,0.3051997584116792,0.295,0.269934301962177,0.314669659776941,0.5,0.481,0.46278864965104227,0.5006685802927431,0.492,0.47533301378319603,0.5137751853923453,2.0,1.939,1.901179886659688,1.9802216713164231,2.03,1.98634449951738,2.0728205719620596,1.2755065085883763,1.1750340000000001,1.2829599999999997
281,0.3,0.3,0.2749688744929631,0.3300451505050521,0.299,0.272255875746107,0.3222840734334349,0.5,0.481,0.4617276338886635,0.5061485845773666,0.509,0.48719209388488005,0.5281146826081038,2.0,1.916,1.8694329103729388,1.961159894400894,2.021,1.970846869200183,2.0638401530483796,-1.4276184496881097,-1.329704,-1.442994
282,0.3,0.28,0.25571580199383237,0.30176568727641884,0.321,0.29858128892380426,0.33914669390834545,0.5,0.509,0.49309309728888906,0.5275021085866585,0.503,0.4863949323924276,0.520427032267204,2.0,1.917,1.8837883924518044,1.9493221678036499,1.984,1.9506445450438212,2.018165810149632,-0.06937385909039251,-0.05750999999999995,-0.05952000000000002
283,0.3,0.28,0.25083884760078934,0.30474602152792124,0.31,0.2858604901436645,0.33451011873897085,0.5,0.487,0.4671664408692206,0.5060886167788723,0.489,0.4688131691508459,0.5069259517131638,2.0,1.904,1.864263154377771,1.9476850618501227,1.981,1.933760610967115,2.0200390762690983,1.2170632088820517,1.1081280000000002,1.2004860000000004
284,0.3,0.259,0.23426014671042003,0.2844190426322913,0.292,0.2712314560624311,0.3149672657222905,0.5,0.503,0.48388255592030605,0.5214449427357039,0.5,0.48313914601749997,0.5193673967451861,2.0,1.917,1.8844859473856703,1.9538258526494618,1.991,1.952399416743935,2.0281089794498146,0.9721986194543915,0.88182,0.9596620000000002
285,0.3,0.277,0.256404451181084,0.2976797485512993,0.314,0.2961987696174034,0.3336736696590231,0.5,0.525,0.5081413338763935,0.5443311351834973,0.518,0.5038294566485174,0.5357571565672674,2.0,1.952,1.9182927865823265,1.9859501391324035,2.022,1.9877462356160183,2.0517534203356353,0.3423400624575934,0.29670399999999963,0.3235199999999998
286,0.3,0.271,0.24629545651144474,0.29460511381266274,0.3,0.28051780554027766,0.3222010946940801,0.5,0.507,0.4883893849517413,0.5260141523606738,0.503,0.48555187331408783,0.5198297611337618,2.0,1.941,1.9064269242126712,1.978856089445899,2.009,1.9761961555506442,2.044724970434069,-0.7877574585173821,-0.7259340000000001,-0.787528
287,0.3,0.361,0.3307186939658511,0.39104399909701765,0.324,0.298761667121049,0.35242605736316923,0.5,0.447,0.42425212157371794,0.47025380395265576,0.503,0.4811260185086683,0.5251925563368816,2.0,1.887,1.8392498438102087,1.9453938135417954,2.016,1.9598135015543316,2.065703901379298,1.5707549338716733,1.4567640000000002,1.5926400000000003
288,0.3,0.257,0.23614169409792837,0.27839436849511123,0.298,0.277026132255163,0.3203660201407019,0.5,0.505,0.4878968963007049,0.5229754723697083,0.493,0.47525358728069195,0.5084141523508012,2.0,1.924,1.893442360847666,1.9577143068590077,1.987,1.9566783079222179,2.019826288637246,-0.40666916256476515,-0.3617119999999998,-0.3974
289,0.3,0.232,0.20876225529134132,0.2541361213389223,0.272,0.24863065780906496,0.2920175654503227,0.5,0.508,0.49042107475941243,0.523449872882173,0.495,0.4772200980543745,0.5111110742997601,2.0,1.961,1.9287060949010264,1.9911861483784108,2.028,1.9964383988520906,2.0625777294984724,0.17791416976872476,0.1882560000000002,0.2028000000000003
290,0.3,0.289,0.2652225290802311,0.3072530802254737,0.329,0.30841245806104894,0.35000717269792414,0.5,0.516,0.4982691248125325,0.5358296032330866,0.504,0.48756158631465574,0.5211639272959333,2.0,1.939,1.9074529702628755,1.976034628844825,1.995,1.9627364536420424,2.0299992920044474,-0.5948926194733075,-0.5623100000000001,-0.5985
291,0.3,0.261,0.24045617612557862,0.28220817511693386,0.307,0.28709925613374565,0.3248727344974354,0.5,0.531,0.5119952906720131,0.5487760099155132,0.514,0.4967325136631061,0.5300458302458302,2.0,1.955,1.920382142146827,1.9860555925428136,2.018,1.9799971022557148,2.0503958959142254,0.3786503474042924,0.37144999999999984,0.40359999999999996
292,0.3,0.287,0.26210533976335115,0.31322987334089386,0.303,0.2800064276280217,0.3252503418919999,0.5,0.499,0.4779583198744108,0.5185173110588464,0.507,0.4892459562335578,0.5264030738367086,2.0,1.95,1.9067034680518178,1.986743354742234,2.034,1.9823965185886854,2.0727467177475005,1.1821631140125919,1.1271000000000002,1.2204000000000002
293,0.3,0.298,0.26823191076241226,0.3307114854929292,0.276,0.24907950361027578,0.3019612885021981,0.5,0.444,0.42250424694126304,0.4653008277846442,0.485,0.4646006291530233,0.5049148495294302,2.0,1.886,1.8401427262823205,1.930333397012073,1.998,1.9525813727849928,2.042901774170856,-1.4491321911243018,-1.312656,-1.434564
294,0.3,0.257,0.23489589348422577,0.28022791241361966,0.297,0.2766301539097232,0.31606852730290547,0.5,0.509,0.49276142119182603,0.5265318582696034,0.5,0.4850494595500124,0.5184934162945256,2.0,1.937,1.9006060250048076,1.9658246352620075,2.009,1.975893687795883,2.0435009031600133,-0.18627650159633724,-0.17045599999999994,-0.18884599999999985
295,0.3,0.316,0.28427257047095694,0.34764793015206774,0.286,0.2594149979117878,0.3138626883949263,0.5,0.448,0.4234279108959169,0.47225929115046905,0.501,0.47763478894646155,0.5202354871817806,2.0,1.892,1.8426468859917384,1.9480217158550828,2.022,1.9767050013951062,2.076377661188614,-1.595666924409343,-1.468192,-1.605468
296,0.3,0.271,0.24734992953121215,0.2929042840316884,0.303,0.2803826960099033,0.323455240488857,0.5,0.511,0.49336312227370277,0.5294703952135866,0.506,0.4898001187986443,0.5236182308967847,2.0,1.942,1.9020287353685197,1.9724397448579778,2.011,1.9775202666138485,2.0432572116289136,0.4124251161825483,0.36897999999999986,0.41024400000000005
297,0.3,0.415,0.35071585035745334,0.47328782338999403,-0.18,-0.6789663925994044,0.3408488273747376,0.5,0.395,0.35965445481051944,0.4320006815951213,0.422,0.3559876419783135,0.5050038623867172,2.0,1.79,1.7049699218079355,1.866339490357436,1.468,1.002512217396652,1.9843406314473637,-1.9057602124142625,-1.68618,-0.971816
298,0.3,0.265,0.24286661342420623,0.28687204839534375,0.312,0.29029097022205747,0.3315798683962836,0.5,0.517,0.49830584326236965,0.5343752062075471,0.505,0.48768598475134517,0.5214082726716018,2.0,1.928,1.8960400721855397,1.9618369954763275,1.994,1.9628280637093136,2.0277693239955927,-0.4069275447840617,-0.35860800000000004,-0.38683599999999996
299,0.3,0.276,0.2526760056359305,0.2997707643240097,0.306,0.28556279394883205,0.32623110558696383,0.5,0.509,0.490197893005984,0.5288101317158408,0.506,0.4905439688779213,0.5241435636626938,2.0,1.934,1.8979612152610636,1.9720229026614815,2.01,1.9714989869616746,2.0432468204850087,0.89346866906412,0.843224,0.9245999999999999
300,0.3,0.26,0.2378717697467589,0.2866117625347335,0.304,0.28289203750722514,0.32504420065510375,0.5,0.495,0.4778933727750581,0.5134767914700834,0.483,0.4656837390366851,0.4999199044073458,2.0,1.902,1.8680018513236856,1.9352741641863886,1.963,1.9327856274799609,1.9984476881463953,0.5724619901853911,0.521148,0.5614180000000002
