trialNum,lVal,rVal,firstVal,secondVal,chosenVal,leftChosen,firstChosen,liftRT,reachRT,firstIsLeft,firstIsRight,secondIsLeft,secondIsRight,firstFixLat,secondFixLat,thirdFixLat,firstFixDur,secondFixDur,thirdFixDur
10,1,5,1,5,5,-0,0,0.727109534665942,0.143079033121467,1,0,0,1,0.154,0.374,NaN,0.18,1.016,NaN
16,3,1,1,3,3,1,0,0.827560942620039,0.153902569785714,0,1,1,0,0.259,0.495,NaN,0.196,0.856,NaN
33,1,3,1,3,3,-0,0,0.796905504539609,0.160519232973456,1,0,0,1,0.147,0.415,NaN,0.216,1.012,NaN
50,3,1,1,3,3,1,0,0.817210523411632,0.176145367324352,0,1,1,0,0.147,0.403,NaN,0.196,0.612,NaN
57,4,1,1,4,4,1,0,0.787259433418512,0.162061976268888,0,1,1,0,0.178,0.446,NaN,0.212,0.796,NaN
62,3,1,1,3,3,1,0,0.816735608503222,0.176385540515184,0,1,1,0,0.144,0.368,NaN,0.184,0.636,NaN
83,3,1,1,3,3,1,0,0.817092822864652,0.146259102970362,0,1,1,0,0.154,0.426,NaN,0.232,0.824,NaN
110,4,1,1,4,4,1,0,0.907299879938364,0.149342473596334,0,1,1,0,0.149,0.405,NaN,0.212,0.792,NaN
111,2,1,1,2,1,-0,1,0.96687781251967,0.166739469394088,0,1,1,0,0.144,0.396,0.776,0.208,0.332,0.636
118,1,3,1,3,1,1,1,0.856945483013988,0.140041036531329,1,0,0,1,0.146,0.39,0.662,0.188,0.216,0.512
131,5,1,1,5,5,1,0,0.706998012959957,0.168990608304739,0,1,1,0,0.165,0.421,NaN,0.212,0.764,NaN
143,5,1,1,5,5,1,0,0.80727780610323,0.159230183809996,0,1,1,0,0.155,0.411,NaN,0.212,1.132,NaN
152,2,1,1,2,1,-0,1,0.848779974505305,0.149353791028261,0,1,1,0,0.146,0.402,0.674,0.212,0.216,0.568
161,4,1,1,4,4,1,0,0.717281399294734,0.165576683357358,0,1,1,0,0.161,0.413,NaN,0.208,0.64,NaN
166,1,3,1,3,3,-0,0,0.91711981780827,0.166110290214419,1,0,0,1,0.199,0.447,NaN,0.196,1.04,NaN
182,2,1,1,2,1,-0,1,1.13731567747891,0.172858785837889,0,1,1,0,0.174,0.414,0.874,0.2,0.404,0.632
202,1,2,1,2,1,1,1,0.997698690742254,0.150988355278969,1,0,0,1,0.228,0.476,0.76,0.192,0.24,0.56
203,3,1,1,3,1,-0,1,1.23722000792623,0.153833331540227,0,1,1,0,0.161,0.401,0.705,0.2,0.252,1.128
217,1,2,1,2,2,-0,0,0.767127005383372,0.186106620356441,1,0,0,1,0.19,0.418,NaN,0.176,0.724,NaN
221,2,1,1,2,2,1,0,0.78688257932663,0.152106685563922,0,1,1,0,0.13,0.414,NaN,0.236,0.728,NaN
232,1,4,1,4,4,-0,0,0.777145916596055,0.174384851008654,1,0,0,1,0.186,0.418,NaN,0.176,1.08,NaN
234,5,1,1,5,5,1,0,0.807059407234192,0.149375366047025,0,1,1,0,0.178,0.418,NaN,0.2,0.96,NaN
241,4,1,1,4,4,1,0,0.786939736455679,0.173733193427324,0,1,1,0,0.144,0.404,NaN,0.204,1.26,NaN
248,2,1,1,2,1,-0,1,1.02711628563702,0.146986095234752,0,1,1,0,0.18,0.448,0.836,0.22,0.336,0.596
258,3,1,1,3,3,1,0,0.857434272766113,0.157740110531449,0,1,1,0,0.26,0.492,NaN,0.188,0.74,NaN
268,1,3,1,3,3,-0,0,0.867293452844024,0.164386633783579,1,0,0,1,0.143,0.363,NaN,0.168,0.836,NaN
272,1,3,1,3,3,-0,0,0.9670804515481,0.176483871415257,1,0,0,1,0.223,0.459,NaN,0.188,0.896,NaN
290,1,5,1,5,5,-0,0,0.817195782437921,0.146128304302692,1,0,0,1,0.162,0.406,NaN,0.204,1.144,NaN
303,4,1,1,4,4,1,0,0.747030889615417,0.160867558792233,0,1,1,0,0.147,0.407,NaN,0.216,0.648,NaN
307,1,1,1,1,1,-0,1,0.926832430064678,0.185495072975755,0,1,1,0,0.151,0.387,0.767,0.192,0.324,0.624
315,3,1,1,3,3,1,0,0.787193737924099,0.153546951711178,0,1,1,0,0.177,0.409,NaN,0.192,0.608,NaN
330,3,1,1,3,3,1,0,0.876935815438628,0.15373014099896,0,1,1,0,0.281,0.517,NaN,0.192,0.68,NaN
342,3,1,1,3,3,1,0,0.797103548422456,0.150858605280519,0,1,1,0,0.24,0.472,NaN,0.192,0.772,NaN
373,5,1,1,5,5,1,0,0.776892451569438,0.144440449774265,0,1,1,0,0.16,0.4,NaN,0.196,0.872,NaN
379,2,1,1,2,1,-0,1,0.987547319382429,0.162668105214834,0,1,1,0,0.182,0.41,0.806,0.188,0.344,0.528
398,1,1,1,1,1,1,1,1.00719292089343,0.180126920342445,1,0,0,1,0.174,0.426,0.706,0.2,0.232,0.568
409,1,4,1,4,4,-0,0,0.797443876042962,0.171230304986238,1,0,0,1,0.153,0.409,NaN,0.208,0.572,NaN
422,1,4,1,4,4,-0,0,0.80706219561398,0.169493228197098,1,0,0,1,0.197,0.433,NaN,0.184,1.052,NaN
425,2,1,1,2,1,-0,1,0.966993063688278,0.176601639017463,0,1,1,0,0.243,0.483,0.771,0.2,0.232,0.54
426,2,1,1,2,2,1,0,0.82753218151629,0.164348363876343,0,1,1,0,0.174,0.418,NaN,0.2,0.684,NaN
431,1,3,1,3,3,-0,0,0.766946911811829,0.186357827857137,1,0,0,1,0.172,0.384,NaN,0.172,0.88,NaN
444,1,3,1,3,3,-0,0,0.857047455385327,0.169886304065585,1,0,0,1,0.158,0.386,NaN,0.188,0.836,NaN
466,5,1,1,5,5,1,0,0.787340965121984,0.153026999905705,0,1,1,0,0.178,0.418,NaN,0.196,0.8,NaN
467,1,3,1,3,3,-0,0,1.06817595660686,0.205724038183689,1,0,0,1,0.142,0.394,0.73,0.2,0.292,0.224
487,4,1,1,4,4,1,0,0.796992735937238,0.151270495727658,0,1,1,0,0.153,0.417,NaN,0.216,0.672,NaN
492,1,3,1,3,3,-0,0,0.837281906977296,0.162915647029877,1,0,0,1,0.208,0.432,NaN,0.176,0.792,NaN
519,1,4,1,4,4,-0,0,0.977442065253854,0.154499700292945,1,0,0,1,0.173,0.417,0.789,0.192,0.328,0.108
521,5,1,1,5,5,1,0,0.797180471941829,0.180888418108225,0,1,1,0,0.148,0.424,NaN,0.232,0.864,NaN
522,5,1,1,5,5,1,0,0.746955372393131,0.171659348532557,0,1,1,0,0.137,0.381,NaN,0.2,0.732,NaN
526,1,5,1,5,5,-0,0,0.807147087529302,0.169218001887202,1,0,0,1,0.176,0.396,NaN,0.18,0.796,NaN
532,4,1,1,4,4,1,0,0.807068780064583,0.150495748966932,0,1,1,0,0.21,0.434,NaN,0.184,0.752,NaN
546,3,1,1,3,3,1,0,0.697198068723083,0.18059803545475,0,1,1,0,0.173,0.405,NaN,0.192,0.592,NaN
561,1,5,1,5,5,-0,0,0.756773635745049,0.14974108710885,1,0,0,1,0.14,0.372,NaN,0.18,0.684,NaN
569,3,1,1,3,3,1,0,0.787233388051391,0.142397440969944,0,1,1,0,0.166,0.398,NaN,0.192,0.732,NaN
576,4,1,1,4,4,1,0,0.787055172026157,0.162454079836607,0,1,1,0,0.177,0.397,NaN,0.18,0.7,NaN
605,1,3,1,3,1,1,1,0.91718790307641,0.196243008598685,1,0,0,1,0.145,0.381,0.661,0.196,0.236,0.6
29,3,1,1,3,3,1,0,0.77763662673533,0.154354436323047,0,1,1,0,0.186,0.434,NaN,0.2,0.772,NaN
31,1,4,1,4,4,-0,0,0.726738046854734,0.144782211631536,1,0,0,1,0.136,0.392,NaN,0.204,0.812,NaN
47,1,3,1,3,3,-0,0,0.727276366204023,0.153957068920135,1,0,0,1,0.165,0.397,NaN,0.192,0.724,NaN
55,5,1,1,5,5,1,0,0.707121500745416,0.15698173083365,0,1,1,0,0.148,0.368,NaN,0.172,0.98,NaN
59,4,1,1,4,4,1,0,0.787056608125567,0.153315516188741,0,1,1,0,0.145,0.397,NaN,0.212,0.868,NaN
63,2,1,1,2,2,1,0,0.797267705202103,0.160735243931413,0,1,1,0,0.151,0.387,NaN,0.196,0.752,NaN
75,1,3,1,3,3,-0,0,0.787358440458775,0.152746584266424,1,0,0,1,0.142,0.362,NaN,0.184,1.064,NaN
92,3,1,1,3,3,1,0,0.928368734195828,0.153239082545042,0,1,1,0,0.136,0.4,NaN,0.224,0.936,NaN
105,1,4,1,4,4,-0,0,0.766985135152936,0.14638158492744,1,0,0,1,0.153,0.393,NaN,0.184,1,NaN
112,3,1,1,3,3,1,0,0.717283295467496,0.165602473542094,0,1,1,0,0.129,0.357,NaN,0.184,0.708,NaN
116,1,1,1,1,1,-0,0,0.847247818484902,0.170703751966357,1,0,0,1,0.227,0.463,NaN,0.18,0.988,NaN
122,5,1,1,5,5,1,0,0.876964503899217,0.146770559251308,0,1,1,0,0.275,0.499,NaN,0.184,0.94,NaN
125,3,1,1,3,3,1,0,0.716908223927021,0.145966531708837,0,1,1,0,0.15,0.366,NaN,0.176,1.308,NaN
136,1,2,1,2,1,1,1,0.987267196178436,0.16348223388195,1,0,0,1,0.155,0.399,0.731,0.192,0.292,0.572
149,3,1,1,3,3,1,0,0.867665763944387,0.145980715751648,0,1,1,0,0.216,0.46,NaN,0.204,0.852,NaN
151,5,1,1,5,5,1,0,0.737173311412334,0.15400212071836,0,1,1,0,0.168,0.38,NaN,0.168,0.984,NaN
162,5,1,1,5,5,1,0,0.69698341935873,0.152401261031628,0,1,1,0,0.146,0.374,NaN,0.168,0.832,NaN
172,3,1,1,3,3,1,0,0.716903142631054,0.165891917422414,0,1,1,0,0.165,0.373,NaN,0.164,0.664,NaN
177,4,1,1,4,4,1,0,0.756969045847654,0.149379232898355,0,1,1,0,0.146,0.39,NaN,0.196,0.876,NaN
179,3,1,1,3,3,1,0,0.766882097348571,0.147047638893127,0,1,1,0,0.157,0.381,NaN,0.18,0.772,NaN
193,2,1,1,2,2,1,0,1.07694655843079,0.166386034339666,0,1,1,0,0.161,0.409,NaN,0.204,1.104,NaN
204,2,1,1,2,2,1,0,0.807024488225579,0.169498257339001,0,1,1,0,0.202,0.434,NaN,0.188,0.912,NaN
206,1,5,1,5,5,-0,0,0.727553067728877,0.153131714090705,1,0,0,1,0.138,0.362,NaN,0.18,1.148,NaN
249,4,1,1,4,4,1,0,0.717075807973742,0.155862933024764,0,1,1,0,0.168,0.408,NaN,0.188,0.876,NaN
252,4,1,1,4,4,1,0,0.787248307839036,0.162768924608827,0,1,1,0,0.158,0.43,NaN,0.212,0.696,NaN
256,1,5,1,5,5,-0,0,0.797337986528873,0.171136787161231,1,0,0,1,0.184,0.4,NaN,0.172,0.948,NaN
277,5,1,1,5,5,1,0,0.687707930803299,0.16173442453146,0,1,1,0,0.128,0.396,NaN,0.224,0.728,NaN
294,5,1,1,5,5,1,0,0.806946266442537,0.169619409367442,0,1,1,0,0.215,0.467,NaN,0.208,0.796,NaN
301,1,4,1,4,4,-0,0,0.88725739531219,0.132804542779922,1,0,0,1,0.251,0.471,NaN,0.18,1.056,NaN
302,3,1,1,3,3,1,0,0.807139024138451,0.15938957221806,0,1,1,0,0.211,0.451,NaN,0.2,0.62,NaN
308,1,1,1,1,1,1,0,0.857045663520694,0.179973751306534,0,1,1,0,0.18,0.52,NaN,0.3,0.536,NaN
322,1,3,1,3,3,-0,0,0.796930653974414,0.170131823047996,1,0,0,1,0.16,0.392,NaN,0.18,0.936,NaN
340,2,1,1,2,2,1,0,0.787004563957453,0.153770957142115,0,1,1,0,0.164,0.388,NaN,0.18,0.612,NaN
341,1,1,1,1,1,-0,0,0.807008614763618,0.150756245478988,1,0,0,1,0.167,0.395,NaN,0.172,0.732,NaN
343,3,1,1,3,3,1,0,0.81684748083353,0.16637422516942,0,1,1,0,0.194,0.43,NaN,0.192,0.708,NaN
344,1,3,1,3,3,-0,0,0.837147437036037,0.163374103605747,1,0,0,1,0.239,0.475,NaN,0.184,0.72,NaN
353,1,3,1,3,3,-0,0,0.877110071480274,0.166457742452621,1,0,0,1,0.15,0.382,NaN,0.18,0.792,NaN
374,1,3,1,3,3,-0,0,1.06706128641963,0.147117584943771,1,0,0,1,0.191,0.427,NaN,0.184,1,NaN
393,1,1,1,1,1,1,0,0.817126644775271,0.206135539337993,0,1,1,0,0.151,0.391,NaN,0.192,0.984,NaN
396,1,2,1,2,2,-0,0,0.807150298729539,0.159502360969782,1,0,0,1,0.133,0.425,NaN,0.252,0.688,NaN
407,3,1,1,3,3,1,0,0.827062766999006,0.185650972649455,0,1,1,0,0.23,0.454,NaN,0.18,0.684,NaN
410,1,2,1,2,2,-0,0,1.05701114051044,0.170358067378402,1,0,0,1,0.227,0.471,NaN,0.196,1.428,NaN
429,1,3,1,3,3,-0,0,0.756928535178304,0.17015209980309,1,0,0,1,0.176,0.38,NaN,0.164,0.68,NaN
447,5,1,1,5,5,1,0,0.806842945516109,0.159898206591606,0,1,1,0,0.18,0.424,NaN,0.204,0.688,NaN
449,1,3,1,3,3,-0,0,0.767149908468127,0.185875456780195,1,0,0,1,0.18,0.42,NaN,0.188,0.708,NaN
464,1,1,1,1,1,1,0,0.867271851748228,0.183982588350773,0,1,1,0,0.246,0.482,NaN,0.196,0.652,NaN
494,1,3,1,3,3,-0,0,0.778201632201672,0.16221846267581,1,0,0,1,0.159,0.395,NaN,0.184,0.792,NaN
501,1,3,1,3,3,-0,0,0.829048192128539,0.142633456736803,1,0,0,1,0.218,0.454,NaN,0.184,1,NaN
552,4,1,1,4,4,1,0,0.756989186629653,0.159499512985349,0,1,1,0,0.164,0.404,NaN,0.196,0.596,NaN
560,1,3,1,3,3,-0,0,0.766912249848247,0.166536543518305,1,0,0,1,0.166,0.418,NaN,0.2,0.668,NaN
568,1,2,1,2,2,-0,0,0.757165594026446,0.166896281763911,1,0,0,1,0.175,0.407,NaN,0.18,0.664,NaN
580,5,1,1,5,5,1,0,0.706850150600076,0.179244684055448,0,1,1,0,0.173,0.397,NaN,0.18,0.732,NaN
582,5,1,1,5,5,1,0,0.807077577337623,0.199481835588813,0,1,1,0,0.231,0.479,NaN,0.2,0.816,NaN
600,1,3,1,3,3,-0,0,0.707463633269072,0.177077347412705,1,0,0,1,0.167,0.375,NaN,0.168,0.56,NaN
606,1,5,1,5,5,-0,0,0.787384876981378,0.182259881868958,1,0,0,1,0.135,0.351,NaN,0.176,0.908,NaN
11,1,2,2,1,2,-0,1,0.867032788693905,0.136347409337759,0,1,1,0,0.159,0.407,0.663,0.204,0.216,0.844
15,1,2,2,1,2,-0,1,0.946943983435631,0.131609441712499,0,1,1,0,0.155,0.583,0.843,0.384,0.208,0.712
21,3,2,2,3,3,1,0,0.937652803957462,0.143818851560354,0,1,1,0,0.187,0.403,NaN,0.168,1.136,NaN
36,2,5,2,5,5,-0,0,0.786898208782077,0.18299363926053,1,0,0,1,0.156,0.4,NaN,0.192,0.76,NaN
49,2,4,2,4,4,-0,0,0.726971674710512,0.144148262217641,1,0,0,1,0.154,0.39,NaN,0.196,0.66,NaN
54,3,2,2,3,3,1,0,0.786930916830897,0.143278125673532,0,1,1,0,0.158,0.438,NaN,0.232,0.8,NaN
58,2,4,2,4,4,-0,0,0.917160226032138,0.157291585579515,1,0,0,1,0.247,0.507,NaN,0.204,1.088,NaN
65,2,4,2,4,4,-0,0,0.807067830115557,0.15355565957725,1,0,0,1,0.141,0.373,NaN,0.192,1.032,NaN
97,2,3,2,3,2,1,1,0.947061972692609,0.151748601347208,1,0,0,1,0.204,0.44,0.736,0.18,0.248,0.548
100,3,2,2,3,3,1,0,0.937463777139783,0.133117832243443,0,1,1,0,0.258,0.49,NaN,0.184,0.772,NaN
101,2,5,2,5,5,-0,0,0.797755185514688,0.169226989150047,1,0,0,1,0.156,0.444,NaN,0.232,0.908,NaN
127,5,2,2,5,5,1,0,0.746994046494365,0.151070646941662,0,1,1,0,0.148,0.392,NaN,0.2,0.948,NaN
145,4,2,2,4,4,1,0,0.826948327943683,0.144863560795784,0,1,1,0,0.161,0.397,NaN,0.192,0.832,NaN
150,2,2,2,2,2,-0,1,1.01702649518847,0.146276926621795,0,1,1,0,0.203,0.455,0.763,0.208,0.252,0.752
154,1,2,2,1,1,1,0,0.78706619143486,0.162607621401548,0,1,1,0,0.149,0.413,NaN,0.22,0.62,NaN
158,1,2,2,1,1,1,0,1.28731031343341,0.15425418689847,0,1,1,0,0.235,0.483,0.751,0.204,0.224,0.156
174,1,2,2,1,2,-0,1,0.947197901085019,0.161250369623303,0,1,1,0,0.15,0.422,0.714,0.228,0.24,0.82
176,1,2,2,1,1,1,0,0.916996020823717,0.156253077089787,0,1,1,0,0.141,0.421,NaN,0.224,0.772,NaN
196,5,2,2,5,5,1,0,0.837110996246338,0.16274151019752,0,1,1,0,0.156,0.408,NaN,0.208,0.856,NaN
209,2,2,2,2,2,-0,1,0.997153095901012,0.149599645286798,0,1,1,0,0.18,0.456,0.728,0.232,0.216,0.776
210,2,5,2,5,5,-0,0,0.857099708169699,0.169373592361808,1,0,0,1,0.154,0.43,NaN,0.22,1.056,NaN
214,2,5,2,5,5,-0,0,0.846990510821342,0.151275197044015,1,0,0,1,0.177,0.405,NaN,0.172,1.052,NaN
227,1,2,2,1,2,-0,1,1.0273018758744,0.154859457165003,0,1,1,0,0.168,0.464,0.756,0.256,0.248,0.552
237,5,2,2,5,5,1,0,0.897184940055013,0.131235307082534,0,1,1,0,0.154,0.414,NaN,0.22,1.116,NaN
240,3,2,2,3,3,1,0,0.886765737086535,0.17350572347641,0,1,1,0,0.142,0.498,NaN,0.316,0.76,NaN
243,2,2,2,2,2,-0,0,0.98734169639647,0.203715926036239,1,0,0,1,0.182,0.458,NaN,0.22,0.776,NaN
275,2,5,2,5,5,-0,0,0.937239369377494,0.153769815340638,1,0,0,1,0.269,0.497,NaN,0.184,1.148,NaN
276,2,5,2,5,5,-0,0,0.827487112954259,0.145231759175658,1,0,0,1,0.144,0.4,NaN,0.2,1,NaN
285,2,3,2,3,3,-0,0,0.83702689409256,0.151408283039927,1,0,0,1,0.174,0.45,NaN,0.228,1.048,NaN
304,5,2,2,5,5,1,0,0.827481271699071,0.153289135545492,0,1,1,0,0.164,0.412,NaN,0.208,0.984,NaN
349,1,2,2,1,2,-0,1,1.04480623453856,0.154008055105805,0,1,1,0,0.144,0.412,0.712,0.224,0.26,0.608
350,2,5,2,5,5,-0,0,0.797069501131773,0.179217156022787,1,0,0,1,0.146,0.418,NaN,0.216,1.132,NaN
367,2,5,2,5,5,-0,0,0.917193546891212,0.166132451966405,1,0,0,1,0.241,0.509,NaN,0.216,1.012,NaN
381,2,1,2,1,2,1,1,1.00698854215443,0.15000961907208,1,0,0,1,0.174,0.406,0.81,0.176,0.36,0.516
386,2,3,2,3,3,-0,0,0.797239847481251,0.180846223607659,1,0,0,1,0.14,0.388,NaN,0.192,0.828,NaN
394,4,2,2,4,2,-0,1,0.897282650694251,0.16175764799118,0,1,1,0,0.177,0.429,0.693,0.204,0.216,0.488
399,3,2,2,3,2,-0,1,0.957153679803014,0.139854917302728,0,1,1,0,0.165,0.405,0.677,0.196,0.224,0.576
412,2,4,2,4,4,-0,0,0.828099830076098,0.184458853676915,1,0,0,1,0.171,0.427,NaN,0.204,1.016,NaN
423,2,5,2,5,5,-0,0,0.816929554566741,0.176261957734823,1,0,0,1,0.184,0.404,NaN,0.18,1.12,NaN
441,2,3,2,3,3,-0,0,1.32694273628294,0.185996668413281,1,0,0,1,0.19,0.414,0.81,0.18,0.356,0.22
454,2,4,2,4,4,-0,0,0.737265780568123,0.182770473882556,1,0,0,1,0.148,0.4,NaN,0.212,0.592,NaN
463,2,3,2,3,3,-0,0,0.887187054380774,0.182753989472985,1,0,0,1,0.149,0.369,NaN,0.18,1.032,NaN
520,5,2,2,5,5,1,0,0.827312663197517,0.165873892605305,0,1,1,0,0.176,0.46,NaN,0.24,0.7,NaN
530,2,5,2,5,5,-0,0,0.836972929537296,0.173392366617918,1,0,0,1,0.153,0.429,NaN,0.236,0.844,NaN
531,2,2,2,2,2,1,1,1.09717959351838,0.191816795617342,1,0,0,1,0.206,0.438,0.782,0.18,0.304,0.556
585,4,2,2,4,4,1,0,0.844613950699568,0.153810670599341,0,1,1,0,0.236,0.468,NaN,0.184,0.692,NaN
18,3,2,2,3,2,-0,1,0.917144233360887,0.145352715626359,0,1,1,0,0.154,0.39,0.766,0.192,0.32,0.788
22,2,2,2,2,2,1,0,0.747192611917853,0.149620834738016,0,1,1,0,0.184,0.408,NaN,0.176,0.756,NaN
27,2,5,2,5,5,-0,0,0.776924883946776,0.145029213279486,1,0,0,1,0.169,0.389,NaN,0.18,0.964,NaN
32,3,2,2,3,3,1,0,0.756987489759922,0.159741820767522,0,1,1,0,0.163,0.395,NaN,0.192,0.876,NaN
34,2,4,2,4,4,-0,0,0.776947682723403,0.164664529263973,1,0,0,1,0.163,0.419,NaN,0.2,1.052,NaN
51,4,2,2,4,4,1,0,0.797012951225042,0.151121009141207,0,1,1,0,0.167,0.407,NaN,0.2,0.556,NaN
60,2,3,2,3,3,-0,0,0.816916394978762,0.166384233161807,1,0,0,1,0.179,0.399,NaN,0.184,1.148,NaN
73,5,2,2,5,5,1,0,0.706937214359641,0.159748423844576,0,1,1,0,0.146,0.386,NaN,0.196,1.036,NaN
80,5,2,2,5,5,1,0,0.747146541252732,0.150755096226931,0,1,1,0,0.167,0.423,NaN,0.216,0.92,NaN
81,3,2,2,3,2,-0,1,1.04696319438517,0.160949790850282,0,1,1,0,0.143,0.387,0.851,0.196,0.412,0.384
87,3,2,2,3,3,1,0,0.737273555248976,0.160538116469979,0,1,1,0,0.165,0.377,NaN,0.168,0.832,NaN
109,1,2,2,1,2,-0,1,0.937603455036879,0.244067385792732,0,1,1,0,0.277,0.517,0.937,0.192,0.368,0.364
121,4,2,2,4,4,1,0,0.797209225594997,0.160510672256351,0,1,1,0,0.172,0.44,NaN,0.22,0.808,NaN
129,2,3,2,3,3,-0,0,0.86702916957438,0.166211910545826,1,0,0,1,0.15,0.394,NaN,0.192,0.984,NaN
132,5,2,2,5,5,1,0,0.706897670403123,0.160979045554996,0,1,1,0,0.151,0.391,NaN,0.196,0.996,NaN
135,2,3,2,3,3,-0,0,0.716855755075812,0.146102359518409,1,0,0,1,0.143,0.359,NaN,0.176,0.996,NaN
141,3,2,2,3,3,1,0,0.747068198397756,0.160733073949814,0,1,1,0,0.144,0.404,NaN,0.216,0.788,NaN
159,1,2,2,1,1,1,0,0.87706945091486,0.15462214872241,0,1,1,0,0.224,0.496,NaN,0.232,0.804,NaN
181,2,4,2,4,4,-0,0,0.846971577033401,0.140386113896966,1,0,0,1,0.147,0.403,NaN,0.2,0.96,NaN
187,1,2,2,1,2,-0,1,1.08809249103069,0.213703220710158,0,1,1,0,0.212,0.472,0.852,0.22,0.34,0.648
189,3,2,2,3,3,1,0,0.846810543909669,0.261376574635506,0,1,1,0,0.19,0.426,NaN,0.188,0.728,NaN
190,2,5,2,5,5,-0,0,0.767083564773202,0.146280696615577,1,0,0,1,0.15,0.378,NaN,0.188,1.216,NaN
201,5,2,2,5,5,1,0,0.747243084013462,0.149377875030041,0,1,1,0,0.138,0.406,NaN,0.228,0.832,NaN
213,2,3,2,3,3,-0,0,0.807056145742536,0.129515344277024,1,0,0,1,0.181,0.405,NaN,0.172,0.984,NaN
253,5,2,2,5,5,1,0,0.806780487298965,0.139628011733294,0,1,1,0,0.146,0.374,NaN,0.184,1,NaN
263,2,5,2,5,5,-0,0,0.857608113437891,0.168859930709004,1,0,0,1,0.18,0.412,NaN,0.188,1.212,NaN
265,2,1,2,1,1,-0,0,0.866981614381075,0.164772002026439,1,0,0,1,0.167,0.415,NaN,0.192,0.952,NaN
271,3,2,2,3,3,1,0,0.797109570354223,0.151019947603345,0,1,1,0,0.161,0.393,NaN,0.192,0.84,NaN
273,2,1,2,1,1,-0,0,1.33853436075151,0.172260703518987,1,0,0,1,0.201,0.437,1.001,0.184,0.516,0.188
279,5,2,2,5,5,1,0,0.787095837295055,0.142593175172806,0,1,1,0,0.15,0.438,NaN,0.232,1.224,NaN
298,1,2,2,1,1,1,0,0.836927983909845,0.163679616525769,0,1,1,0,0.133,0.417,NaN,0.24,0.656,NaN
300,4,2,2,4,4,1,0,0.837327681481838,0.19275664165616,0,1,1,0,0.198,0.446,NaN,0.208,1.048,NaN
309,2,3,2,3,3,-0,0,0.816914333030581,0.156113108620048,1,0,0,1,0.161,0.393,NaN,0.18,0.784,NaN
324,1,2,2,1,1,1,0,0.846878848969936,0.171283895149827,0,1,1,0,0.165,0.405,NaN,0.2,0.64,NaN
329,3,2,2,3,3,1,0,0.79695182107389,0.141630288213491,0,1,1,0,0.201,0.449,NaN,0.2,0.596,NaN
346,2,1,2,1,1,-0,0,0.796888409182429,0.151483587920666,1,0,0,1,0.172,0.408,NaN,0.18,1.152,NaN
360,3,2,2,3,3,1,0,0.777166182175279,0.304998716339469,0,1,1,0,0.16,0.404,NaN,0.196,0.748,NaN
377,1,2,2,1,1,1,0,0.737191712483764,0.192222733050585,0,1,1,0,0.191,0.423,NaN,0.188,0.608,NaN
397,2,3,2,3,2,1,1,0.987051958218217,0.163865560665727,1,0,0,1,0.149,0.381,0.721,0.18,0.144,0.532
419,2,3,2,3,3,-0,0,0.78717052936554,0.163812650367618,1,0,0,1,0.15,0.366,NaN,0.18,0.76,NaN
482,5,2,2,5,5,1,0,0.717334471642971,0.1656139716506,0,1,1,0,0.139,0.371,NaN,0.188,0.832,NaN
489,5,2,2,5,5,1,0,0.83697022870183,0.163423364982009,0,1,1,0,0.194,0.43,NaN,0.192,0.66,NaN
496,5,2,2,5,5,1,0,0.707421068102121,0.166461819782853,0,1,1,0,0.146,0.382,NaN,0.192,0.828,NaN
497,2,5,2,5,5,-0,0,0.777222909033298,0.174268400296569,1,0,0,1,0.185,0.433,NaN,0.192,0.924,NaN
512,2,3,2,3,3,-0,0,0.817268285900354,0.155997544527054,1,0,0,1,0.152,0.376,NaN,0.184,0.764,NaN
527,3,2,2,3,3,1,0,0.786901628598571,0.174024129286408,0,1,1,0,0.143,0.379,NaN,0.192,0.72,NaN
533,2,3,2,3,3,-0,0,1.20725450851023,0.17037614621222,1,0,0,1,0.161,0.397,NaN,0.196,1.06,NaN
539,3,2,2,3,3,1,0,0.757159475237131,0.169724689796567,0,1,1,0,0.146,0.37,NaN,0.184,0.652,NaN
548,2,3,2,3,3,-0,0,0.947252117097378,0.181298365816474,1,0,0,1,0.148,0.4,NaN,0.2,0.86,NaN
556,2,4,2,4,4,-0,0,0.787124145776033,0.172011682763696,1,0,0,1,0.139,0.363,NaN,0.172,0.656,NaN
559,2,4,2,4,4,-0,0,0.777432622388005,0.185011506080627,1,0,0,1,0.152,0.38,NaN,0.176,1.032,NaN
567,2,4,2,4,4,-0,0,0.751053411513567,0.164040273055434,1,0,0,1,0.171,0.399,NaN,0.176,0.616,NaN
598,2,3,2,3,3,-0,0,0.977133255451918,0.164342273026705,1,0,0,1,0.255,0.523,NaN,0.228,0.596,NaN
599,3,2,2,3,3,1,0,0.757271636277437,0.24885568767786,0,1,1,0,0.141,0.389,NaN,0.204,0.732,NaN
601,2,4,2,4,4,-0,0,0.827467750757933,0.174385068938136,1,0,0,1,0.182,0.418,NaN,0.192,1.208,NaN
7,5,3,3,5,5,1,0,0.957644844427705,0.148867480456829,0,1,1,0,0.144,0.404,NaN,0.22,0.728,NaN
40,2,3,3,2,3,-0,1,0.966981079429388,0.156586956232786,0,1,1,0,0.197,0.457,0.813,0.216,0.312,0.704
53,4,3,3,4,3,-0,1,0.907267600297928,0.149347741156816,0,1,1,0,0.172,0.424,0.692,0.212,0.212,0.748
56,1,3,3,1,3,-0,1,0.827160092070699,0.164374278858304,0,1,1,0,0.159,0.419,0.663,0.216,0.2,0.596
61,4,3,3,4,4,1,0,0.927218412980437,0.144571144133806,0,1,1,0,0.197,0.457,NaN,0.2,1.06,NaN
88,2,3,3,2,3,-0,1,0.87754038721323,0.15398421138525,0,1,1,0,0.147,0.407,0.695,0.212,0.248,0.748
91,5,3,3,5,5,1,0,0.851581880822778,0.204976575449109,0,1,1,0,0.178,0.438,0.654,0.212,0.176,0.108
98,3,3,3,3,3,-0,1,0.857173960655928,0.159734863787889,0,1,1,0,0.145,0.397,0.681,0.212,0.232,0.732
102,1,3,3,1,3,-0,1,0.847799591720104,0.155558455735445,0,1,1,0,0.151,0.419,0.679,0.224,0.208,0.52
126,5,3,3,5,5,1,0,0.837206698954105,0.142992271110415,0,1,1,0,0.15,0.406,NaN,0.196,1.176,NaN
133,5,3,3,5,5,1,0,0.856989799067378,0.150577800348401,0,1,1,0,0.174,0.426,NaN,0.212,1.024,NaN
147,5,3,3,5,5,1,0,0.896775370463729,0.181522991508245,0,1,1,0,0.128,0.408,NaN,0.24,1.072,NaN
173,5,3,3,5,5,1,0,0.93705290928483,0.152619363740087,0,1,1,0,0.193,0.433,NaN,0.2,1.14,NaN
178,3,3,3,3,3,1,0,0.867106463760138,0.166165392845869,0,1,1,0,0.161,0.417,NaN,0.208,0.868,NaN
184,3,3,3,3,3,1,0,0.926942732185125,0.153018152341247,0,1,1,0,0.182,0.454,NaN,0.228,0.86,NaN
192,5,3,3,5,5,1,0,0.85715196095407,0.169358870014548,0,1,1,0,0.158,0.41,NaN,0.204,1.084,NaN
195,3,4,3,4,3,1,1,0.896991435438395,0.151609150692821,1,0,0,1,0.171,0.431,0.707,0.204,0.232,0.78
200,2,3,3,2,3,-0,1,0.877370648086071,0.155397899448872,0,1,1,0,0.149,0.389,0.657,0.2,0.216,0.852
218,2,3,3,2,3,-0,1,0.92722693271935,0.144463788717985,0,1,1,0,0.18,0.444,0.712,0.224,0.216,0.788
222,2,3,3,2,3,-0,1,1.017164664343,0.156500080600381,0,1,1,0,0.14,0.4,0.792,0.216,0.348,0.52
235,5,3,3,5,5,1,0,0.87722821906209,0.145505411550403,0,1,1,0,0.154,0.434,NaN,0.236,0.636,NaN
246,3,4,3,4,4,-0,0,0.796972138807178,0.161013435572386,1,0,0,1,0.15,0.358,NaN,0.168,1.008,NaN
283,5,3,3,5,5,1,0,0.787239316850901,0.152335485443473,0,1,1,0,0.147,0.419,NaN,0.224,0.736,NaN
284,5,3,3,5,5,1,0,0.866960627958179,0.16626807115972,0,1,1,0,0.157,0.405,NaN,0.208,0.88,NaN
291,5,3,3,5,5,1,0,0.847266968339682,0.161608347669244,0,1,1,0,0.168,0.432,NaN,0.224,0.732,NaN
305,3,4,3,4,4,-0,0,0.846950471401215,0.151240415871143,1,0,0,1,0.149,0.401,NaN,0.208,0.732,NaN
328,4,3,3,4,4,1,0,0.867183914408088,0.156008681282401,0,1,1,0,0.162,0.394,NaN,0.192,0.852,NaN
336,3,1,3,1,3,1,1,0.837205884978175,0.190756447613239,1,0,0,1,0.146,0.394,0.666,0.192,0.228,0.496
351,3,3,3,3,3,1,0,0.896987667307258,0.159363310784101,0,1,1,0,0.166,0.422,NaN,0.212,2.356,NaN
358,3,3,3,3,3,1,1,0.892512507736683,0.175884786993265,1,0,0,1,0.182,0.426,0.714,0.204,0.252,0.504
362,3,2,3,2,3,1,1,1.17728295922279,0.147361524403095,1,0,0,1,0.275,0.639,0.943,0.312,0.256,0.404
369,3,2,3,2,3,1,1,0.936823448166251,0.143546499311924,1,0,0,1,0.156,0.392,0.72,0.184,0.288,0.628
385,3,4,3,4,4,-0,0,0.946898551657796,0.211752269417048,1,0,0,1,0.175,0.431,0.807,0.212,0.332,0.16
420,3,1,3,1,3,1,1,0.94714972935617,0.180474610999227,1,0,0,1,0.233,0.501,0.761,0.224,0.188,0.5
432,3,3,3,3,3,1,0,1.01691237278283,0.167011495679617,0,1,1,0,0.209,0.533,NaN,0.284,1.356,NaN
450,3,3,3,3,3,1,0,0.906974021345377,0.159739807248116,0,1,1,0,0.145,0.405,NaN,0.22,0.776,NaN
469,4,3,3,4,3,-0,1,0.987306652590632,0.193992894142866,0,1,1,0,0.145,0.553,0.817,0.36,0.22,0.444
473,4,3,3,4,3,-0,1,1.10687344148755,0.180529486387968,0,1,1,0,0.143,0.407,0.835,0.224,0.384,0.732
476,3,4,3,4,4,-0,0,0.827073747292161,0.174490164965391,1,0,0,1,0.174,0.442,NaN,0.216,0.768,NaN
479,3,5,3,5,5,-0,0,0.786953436210752,0.142751015722752,1,0,0,1,0.168,0.4,NaN,0.18,1.352,NaN
484,3,2,3,2,3,1,1,0.897112689912319,0.16139704734087,1,0,0,1,0.223,0.491,0.755,0.212,0.22,0.44
504,3,3,3,3,3,-0,1,0.937324926257133,0.164099898189306,0,1,1,0,0.132,0.384,0.672,0.208,0.244,0.828
506,3,2,3,2,3,1,1,0.92315305955708,0.159220052883029,1,0,0,1,0.11,0.474,0.758,0.324,0.24,0.38
508,3,5,3,5,5,-0,0,0.817154852673411,0.175848072394729,1,0,0,1,0.133,0.377,NaN,0.192,1.172,NaN
511,3,3,3,3,3,-0,1,1.02085137926042,0.173363579437137,0,1,1,0,0.15,0.442,0.882,0.248,0.384,0.524
515,1,3,3,1,3,-0,1,0.997250374406576,0.191231453791261,0,1,1,0,0.234,0.482,0.786,0.208,0.252,0.54
518,1,3,3,1,3,-0,1,0.976848969236016,0.155071407556534,0,1,1,0,0.228,0.488,0.76,0.22,0.228,0.58
543,3,5,3,5,5,-0,0,0.817100768908858,0.15625991858542,1,0,0,1,0.161,0.429,NaN,0.216,1.36,NaN
545,5,3,3,5,5,1,0,0.757350251078606,0.229406498372555,0,1,1,0,0.151,0.423,NaN,0.224,0.876,NaN
553,3,1,3,1,3,1,1,0.838669499382377,0.170900154858828,1,0,0,1,0.163,0.415,0.679,0.208,0.22,0.464
558,3,1,3,1,3,1,1,1.00708677619696,0.159878803417087,1,0,0,1,0.125,0.413,0.801,0.244,0.344,0.388
588,5,3,3,5,5,1,0,0.727228716015816,0.172481283545494,0,1,1,0,0.161,0.393,NaN,0.192,0.756,NaN
589,3,3,3,3,3,1,1,0.88690865971148,0.183119824156165,1,0,0,1,0.128,0.4,0.696,0.232,0.252,0.484
594,3,3,3,3,3,1,0,0.837063577026129,0.172751821577549,0,1,1,0,0.161,0.413,NaN,0.208,0.772,NaN
9,3,3,3,3,3,-0,1,0.767047354951501,0.13602721132338,0,1,1,0,0.179,0.411,0.631,0.188,0.172,0.54
41,4,3,3,4,3,-0,1,0.787013344466686,0.152871247380972,0,1,1,0,0.179,0.431,0.675,0.212,0.184,0.656
42,3,3,3,3,3,-0,1,0.757349852472544,0.148966744542122,0,1,1,0,0.15,0.39,0.606,0.196,0.172,0.62
46,5,3,3,5,5,1,0,0.967116663232446,0.156505201011896,0,1,1,0,0.26,0.512,NaN,0.208,0.976,NaN
67,3,3,3,3,3,1,0,0.757647464051843,0.155953831970692,0,1,1,0,0.183,0.439,NaN,0.212,0.488,NaN
96,3,5,3,5,5,-0,0,0.907182067632675,0.147148126736283,1,0,0,1,0.235,0.499,NaN,0.208,0.98,NaN
99,3,3,3,3,3,1,1,0.807213271036744,0.15912545658648,1,0,0,1,0.164,0.436,0.66,0.216,0.164,0.548
106,3,3,3,3,3,-0,0,0.987249981611967,0.153107702732086,1,0,0,1,0.21,0.474,NaN,0.212,1.108,NaN
108,3,5,3,5,5,-0,0,0.829946173354983,0.151099592447281,1,0,0,1,0.145,0.381,0.669,0.196,0.224,0.0559999999999999
119,3,2,3,2,3,1,1,0.926842026412487,0.157106736674905,1,0,0,1,0.169,0.433,0.693,0.212,0.216,0.856
155,3,3,3,3,3,-0,1,0.867072815075517,0.156219320371747,0,1,1,0,0.181,0.453,0.677,0.224,0.184,0.88
169,3,5,3,5,5,-0,0,0.877066703513265,0.154903180897236,1,0,0,1,0.146,0.418,NaN,0.216,0.88,NaN
175,2,3,3,2,3,-0,1,0.817101931199431,0.146096652373672,0,1,1,0,0.154,0.41,0.634,0.208,0.176,0.98
205,3,4,3,4,3,1,1,0.856878476217389,0.149738140404224,1,0,0,1,0.146,0.406,0.678,0.212,0.212,0.696
219,1,3,3,1,3,-0,1,0.907113615423441,0.139500068500638,0,1,1,0,0.172,0.46,0.708,0.244,0.196,0.9
225,3,3,3,3,3,1,1,0.687098311260343,0.191236032173038,1,0,0,1,0.159,0.375,0.599,0.172,0.176,0.376
226,2,3,3,2,3,-0,1,0.737146027386189,0.18263242021203,0,1,1,0,0.165,0.441,0.665,0.232,0.184,0.452
264,4,3,3,4,4,1,0,1.05728822946548,0.149851147085428,0,1,1,0,0.232,0.532,NaN,0.252,0.904,NaN
278,4,3,3,4,3,-0,1,0.886888409033418,0.163346007466316,0,1,1,0,0.176,0.48,0.748,0.248,0.216,0.944
282,3,5,3,5,3,1,1,0.88690566457808,0.163109911605716,1,0,0,1,0.231,0.511,0.731,0.224,0.176,0.472
296,3,5,3,5,5,-0,0,0.847262756898999,0.161013644188643,1,0,0,1,0.156,0.416,NaN,0.204,0.9,NaN
299,1,3,3,1,3,-0,1,0.802398785948753,0.144631626084447,0,1,1,0,0.146,0.406,0.654,0.216,0.2,0.696
310,3,1,3,1,3,1,1,0.747407278046012,0.189766960218549,1,0,0,1,0.136,0.38,0.628,0.2,0.2,0.452
311,3,3,3,3,3,1,1,1.26702576316893,0.161872535943985,1,0,0,1,0.18,0.416,0.808,0.192,0.348,0.792
317,4,3,3,4,3,-0,1,0.769921783357859,0.183985261246562,0,1,1,0,0.158,0.406,0.674,0.204,0.208,0.592
321,4,3,3,4,3,-0,1,0.906994499266148,0.180142426863313,0,1,1,0,0.147,0.407,0.767,0.22,0.32,0.636
326,3,2,3,2,3,1,1,0.887205405160785,0.163225533440709,1,0,0,1,0.163,0.455,0.719,0.236,0.212,0.496
331,3,3,3,3,3,-0,1,0.787260990589857,0.173585552722216,0,1,1,0,0.157,0.409,0.621,0.204,0.168,0.58
334,3,2,3,2,3,1,1,0.97692883014679,0.156446434557438,1,0,0,1,0.169,0.429,0.669,0.22,0.2,0.54
337,3,3,3,3,3,-0,1,0.877230577170849,0.164464211091399,0,1,1,0,0.145,0.437,0.745,0.248,0.252,0.812
357,3,1,3,1,3,1,1,0.710525801405311,0.154373152181506,1,0,0,1,0.22,0.476,0.648,0.204,0.12,0.26
363,4,3,3,4,3,-0,1,0.797149883583188,0.151352945715189,0,1,1,0,0.161,0.437,0.665,0.216,0.18,0.496
364,1,3,3,1,3,-0,1,0.871805896982551,0.1716243121773,0,1,1,0,0.177,0.469,0.717,0.248,0.2,1.084
366,5,3,3,5,5,1,0,0.84749486669898,0.160498823970556,0,1,1,0,0.16,0.404,NaN,0.196,0.804,NaN
375,3,3,3,3,3,1,1,0.92702760361135,0.155869252979755,1,0,0,1,0.176,0.496,0.732,0.264,0.196,0.52
378,1,3,3,1,3,-0,1,0.649564115330577,0.179031159728765,0,1,1,0,0.177,0.473,0.641,0.244,0.128,0.572
380,3,3,3,3,3,-0,1,0.796898322179914,0.150289427489042,0,1,1,0,0.169,0.417,0.633,0.2,0.168,0.924
402,1,3,3,1,3,-0,1,0.889089981094003,0.162662511691451,0,1,1,0,0.159,0.427,0.711,0.224,0.232,0.94
403,3,3,3,3,3,-0,1,1.07396684959531,0.169961782172322,0,1,1,0,0.251,0.619,0.871,0.32,0.208,0.5
405,3,3,3,3,3,1,1,0.886921409517527,0.143123850226402,1,0,0,1,0.145,0.405,0.653,0.204,0.204,0.612
411,3,1,3,1,3,1,1,0.746885688975453,0.180500203743577,1,0,0,1,0.179,0.455,0.635,0.22,0.132,0.46
421,4,3,3,4,4,1,0,0.927199145779014,0.164737110957503,0,1,1,0,0.159,0.415,0.707,0.216,0.248,0.112
434,2,3,3,2,3,-0,1,0.817155539989471,0.185834793373942,0,1,1,0,0.215,0.475,0.727,0.216,0.208,0.72
437,1,3,3,1,3,-0,1,0.876960400491953,0.154760057106614,0,1,1,0,0.138,0.386,0.638,0.208,0.2,0.58
478,3,4,3,4,3,1,1,0.655753076076508,0.178799200803041,1,0,0,1,0.164,0.428,0.624,0.224,0.148,0.476
480,1,3,3,1,3,-0,1,0.867211196571589,0.156109487637877,0,1,1,0,0.217,0.477,0.725,0.216,0.2,0.416
499,4,3,3,4,4,1,0,0.947096068412066,0.16049930267036,0,1,1,0,0.254,0.498,NaN,0.2,0.704,NaN
510,3,5,3,5,5,-0,0,0.857253300026059,0.179257269948721,1,0,0,1,0.189,0.441,NaN,0.212,1.348,NaN
514,3,3,3,3,3,1,1,0.789964649826288,0.160491166636348,1,0,0,1,0.153,0.429,0.633,0.236,0.16,0.532
525,3,2,3,2,3,1,1,0.811172425746918,0.165613440796733,1,0,0,1,0.159,0.375,0.623,0.16,0.208,0.572
537,1,3,3,1,3,-0,1,0.856986841186881,0.149616479873657,0,1,1,0,0.145,0.417,0.689,0.232,0.216,0.596
562,1,3,3,1,3,-0,1,0.879524327814579,0.15209542401135,0,1,1,0,0.159,0.447,0.711,0.244,0.212,0.612
563,5,3,3,5,5,1,0,0.917806223034859,0.165546959266067,0,1,1,0,0.142,0.402,NaN,0.216,0.88,NaN
564,1,3,3,1,3,-0,1,0.877061670646071,0.145113902166486,0,1,1,0,0.15,0.402,0.718,0.216,0.26,0.736
2,3,4,3,4,4,-0,0,0.827416073530912,0.144009027630091,1,0,0,1,0.147,0.399,NaN,0.212,0.724,NaN
4,2,3,3,2,2,1,0,0.947105659171939,0.141481339931488,0,1,1,0,0.141,0.417,NaN,0.232,0.84,NaN
6,3,3,3,3,3,-0,1,0.936966279521585,0.151197332888842,0,1,1,0,0.229,0.505,0.813,0.232,0.264,0.68
12,4,3,3,4,3,-0,1,0.816986527293921,0.146346474066377,0,1,1,0,0.14,0.392,0.688,0.208,0.248,0.904
14,3,4,3,4,4,-0,0,0.756897728890181,0.149644846096635,1,0,0,1,0.172,0.404,NaN,0.176,0.872,NaN
17,3,3,3,3,3,-0,0,0.767298499122262,0.13573581725359,1,0,0,1,0.16,0.42,NaN,0.204,0.956,NaN
19,3,3,3,3,3,-0,1,1.09737224690616,0.171527529135346,0,1,1,0,0.196,0.448,0.856,0.192,0.348,0.66
30,3,4,3,4,3,1,1,0.876909725368023,0.164744647219777,1,0,0,1,0.221,0.481,0.697,0.204,0.176,0.612
35,3,3,3,3,3,-0,1,1.03723240830004,0.16328059323132,0,1,1,0,0.143,0.431,0.899,0.232,0.412,0.704
45,2,3,3,2,3,-0,1,0.927124558016658,0.143866084516048,0,1,1,0,0.165,0.425,0.793,0.204,0.32,0.684
52,3,3,3,3,3,1,1,0.857010083273053,0.150023143738508,1,0,0,1,0.162,0.426,0.686,0.212,0.212,0.464
66,3,3,3,3,3,-0,1,0.977069340646267,0.164880812168121,0,1,1,0,0.153,0.413,0.761,0.216,0.292,0.784
76,4,3,3,4,3,-0,1,0.907082954421639,0.157062178477645,0,1,1,0,0.164,0.412,0.672,0.208,0.22,0.86
82,3,4,3,4,4,-0,0,0.967042922973633,0.166599597781897,1,0,0,1,0.194,0.454,0.718,0.204,0.212,0.12
85,3,4,3,4,4,-0,0,0.837235713377595,0.151476068422198,1,0,0,1,0.177,0.413,NaN,0.18,1.056,NaN
89,1,3,3,1,3,-0,1,0.766941037029028,0.156261729076505,0,1,1,0,0.13,0.378,0.61,0.208,0.188,0.968
90,3,3,3,3,3,1,0,0.937805963680148,0.160743303596973,0,1,1,0,0.173,0.425,NaN,0.2,0.692,NaN
95,2,3,3,2,3,-0,1,0.83688086271286,0.152973683550954,0,1,1,0,0.152,0.428,0.668,0.232,0.196,0.916
157,3,3,3,3,3,-0,1,0.82734501734376,0.154495511204004,0,1,1,0,0.17,0.414,0.638,0.192,0.184,0.84
183,3,3,3,3,3,-0,1,0.887145582586527,0.152765620499849,0,1,1,0,0.164,0.424,0.68,0.216,0.2,0.956
191,2,3,3,2,3,-0,1,0.926978280767798,0.145532688125968,0,1,1,0,0.163,0.471,0.771,0.268,0.244,0.82
224,4,3,3,4,4,1,0,0.907160436734557,0.169733665883541,0,1,1,0,0.182,0.434,NaN,0.212,1.016,NaN
229,2,3,3,2,3,-0,1,0.917143169790506,0.176248393952847,0,1,1,0,0.163,0.415,0.687,0.208,0.22,0.444
230,3,1,3,1,3,1,1,0.897107401862741,0.152226431295276,1,0,0,1,0.143,0.375,0.659,0.192,0.228,0.556
242,3,2,3,2,3,1,1,0.947457026690245,0.171371683478355,1,0,0,1,0.166,0.418,0.71,0.196,0.244,0.524
255,2,3,3,2,3,-0,1,1.03698141686618,0.144055921584368,0,1,1,0,0.243,0.491,0.843,0.208,0.312,0.768
260,5,3,3,5,5,1,0,0.846865117549896,0.141271991655231,0,1,1,0,0.138,0.406,NaN,0.224,0.792,NaN
267,3,3,3,3,3,1,0,1.04748055525124,0.151772977784276,0,1,1,0,0.152,0.412,NaN,0.216,1.128,NaN
274,4,3,3,4,4,1,0,0.917122574523091,0.156439185142517,0,1,1,0,0.156,0.4,NaN,0.196,0.932,NaN
295,5,3,3,5,5,1,0,0.877051120623946,0.154526215046644,0,1,1,0,0.161,0.441,NaN,0.236,0.76,NaN
297,4,3,3,4,3,-0,1,1.22732744365931,0.176241708919406,0,1,1,0,0.203,0.515,0.939,0.26,0.372,0.596
316,3,3,3,3,3,-0,1,1.72699736058712,0.168865099549294,0,1,1,0,0.154,0.398,1.55,0.204,0.724,0.816
319,2,3,3,2,3,-0,1,0.866864357143641,0.176629221066833,0,1,1,0,0.191,0.435,0.679,0.192,0.196,0.568
320,3,3,3,3,3,-0,1,0.747513024136424,0.191790152341127,0,1,1,0,0.153,0.417,0.677,0.22,0.216,0.616
345,3,3,3,3,3,1,0,0.997296964749694,0.151316067203879,0,1,1,0,0.227,0.499,NaN,0.224,0.784,NaN
352,3,3,3,3,3,-0,1,0.967323927208781,0.159337073564529,0,1,1,0,0.178,0.438,0.726,0.212,0.24,1.084
355,3,4,3,4,3,1,1,0.837240643799305,0.183587493374944,1,0,0,1,0.143,0.387,0.635,0.196,0.2,0.608
404,3,1,3,1,3,1,1,0.714751966297626,0.199226181954145,1,0,0,1,0.172,0.428,0.616,0.212,0.148,0.416
413,4,3,3,4,4,1,0,0.96716552041471,0.166364813223481,0,1,1,0,0.178,0.446,NaN,0.224,0.868,NaN
417,3,3,3,3,3,1,1,0.797244802117348,0.160751847550273,1,0,0,1,0.142,0.398,0.63,0.2,0.188,0.528
424,3,3,3,3,3,1,1,0.917212557047606,0.165746878832579,1,0,0,1,0.161,0.365,0.717,0.164,0.3,0.464
430,3,2,3,2,3,1,1,0.936953777447343,0.213519839569926,1,0,0,1,0.255,0.475,0.715,0.172,0.2,0.52
435,3,3,3,3,3,1,1,0.967505754902959,0.206460081040859,1,0,0,1,0.172,0.392,0.652,0.18,0.22,0.768
446,3,2,3,2,3,1,1,0.737271631136537,0.192505680024624,1,0,0,1,0.14,0.396,0.64,0.204,0.2,0.376
458,3,1,3,1,3,1,1,0.744816178455949,0.193130219355226,1,0,0,1,0.168,0.456,0.64,0.248,0.136,0.508
474,3,3,3,3,3,1,1,0.74687865935266,0.169962055981159,1,0,0,1,0.157,0.389,0.673,0.192,0.24,0.484
481,3,3,3,3,3,1,1,0.807218600064516,0.18898812122643,1,0,0,1,0.184,0.412,0.616,0.176,0.164,0.484
516,3,3,3,3,3,-0,1,1.05721705406904,0.159827785566449,0,1,1,0,0.143,0.419,0.855,0.232,0.4,0.568
572,3,4,3,4,4,-0,0,0.867353150621057,0.146042056381702,1,0,0,1,0.152,0.364,NaN,0.168,0.896,NaN
578,3,4,3,4,3,1,1,1.03713235259056,0.185450600460172,1,0,0,1,0.16,0.44,0.7,0.224,0.216,0.636
604,3,2,3,2,3,1,1,0.98698483966291,0.183399684727192,1,0,0,1,0.154,0.362,0.686,0.164,0.284,0.708
1,3,5,3,5,5,-0,0,0.807223379611969,0.159281998872757,1,0,0,1,0.186,0.426,NaN,0.188,0.96,NaN
3,3,3,3,3,3,-0,0,0.797273244708776,0.160796532407403,1,0,0,1,0.163,0.507,NaN,0.288,0.82,NaN
48,2,3,3,2,2,1,0,0.827011451125145,0.174501374363899,0,1,1,0,0.164,0.416,NaN,0.208,0.584,NaN
72,3,4,3,4,4,-0,0,0.787127016112208,0.142891200259328,1,0,0,1,0.15,0.394,NaN,0.196,0.972,NaN
77,4,3,3,4,4,1,0,0.737221211194992,0.151368040591478,0,1,1,0,0.148,0.396,NaN,0.204,0.788,NaN
117,3,3,3,3,3,-0,0,0.707417819648981,0.157216237857938,1,0,0,1,0.149,0.357,NaN,0.156,1.072,NaN
123,2,3,3,2,2,1,0,0.75712351500988,0.1991210822016,0,1,1,0,0.157,0.393,NaN,0.196,0.788,NaN
124,3,2,3,2,2,-0,0,0.797173652797937,0.141517095267773,1,0,0,1,0.146,0.382,NaN,0.196,0.86,NaN
128,3,3,3,3,3,1,0,0.837445246055722,0.144089855253696,0,1,1,0,0.239,0.479,NaN,0.18,0.52,NaN
134,3,4,3,4,4,-0,0,0.867068352177739,0.165754616260529,1,0,0,1,0.186,0.43,NaN,0.2,1.012,NaN
137,3,3,3,3,3,-0,0,0.717217748984694,0.155811920762062,1,0,0,1,0.148,0.38,NaN,0.18,0.996,NaN
144,3,3,3,3,3,1,0,0.807012429460883,0.1494947578758,0,1,1,0,0.149,0.389,NaN,0.196,0.812,NaN
156,3,1,3,1,3,1,1,0.947220094501972,0.181366365402937,1,0,0,1,0.21,0.442,0.718,0.18,0.228,0.608
160,3,4,3,4,4,-0,0,0.827027630060911,0.154389141127467,1,0,0,1,0.179,0.415,NaN,0.184,0.936,NaN
165,3,3,3,3,3,1,0,0.747021174058318,0.14154952019453,0,1,1,0,0.151,0.379,NaN,0.188,0.752,NaN
168,3,3,3,3,3,-0,0,0.897095441818237,0.141385229304433,1,0,0,1,0.192,0.416,NaN,0.184,0.996,NaN
171,2,3,3,2,2,1,0,0.797170480713248,0.171024734154344,0,1,1,0,0.164,0.452,NaN,0.228,0.596,NaN
185,3,3,3,3,3,-0,0,0.944991560652852,0.1816784478724,1,0,0,1,0.16,0.38,0.692,0.168,0.272,0.16
188,4,3,3,4,4,1,0,0.877053359523416,0.156881932169199,0,1,1,0,0.141,0.393,NaN,0.208,0.792,NaN
215,3,3,3,3,3,-0,0,0.827094284817576,0.155009895563126,1,0,0,1,0.147,0.379,NaN,0.18,0.992,NaN
216,3,3,3,3,3,-0,0,0.817178072407842,0.146001530811191,1,0,0,1,0.135,0.391,NaN,0.204,1.224,NaN
231,3,3,3,3,3,1,0,0.827162878587842,0.144992595538497,0,1,1,0,0.152,0.388,NaN,0.192,0.768,NaN
233,3,3,3,3,3,1,0,0.816937582567334,0.136252807453275,0,1,1,0,0.153,0.393,NaN,0.192,0.808,NaN
244,3,1,3,1,3,1,1,0.927396699786186,0.15674826875329,1,0,0,1,0.136,0.36,0.652,0.168,0.248,0.544
261,1,3,3,1,1,1,0,0.957261079922318,0.156967636197805,0,1,1,0,0.189,0.413,NaN,0.184,0.836,NaN
280,3,3,3,3,3,1,0,0.8269631434232,0.145613599568605,0,1,1,0,0.211,0.435,NaN,0.184,0.788,NaN
286,3,3,3,3,3,1,0,0.837604934349656,0.162819651886821,0,1,1,0,0.139,0.411,NaN,0.228,0.908,NaN
293,3,5,3,5,5,-0,0,0.797124452888966,0.160943167284131,1,0,0,1,0.16,0.388,NaN,0.184,0.792,NaN
313,3,3,3,3,3,-0,0,0.947050590068102,0.143095904961228,1,0,0,1,0.174,0.426,NaN,0.196,0.88,NaN
314,3,1,3,1,3,1,1,0.966951671987772,0.157450055703521,1,0,0,1,0.218,0.47,0.738,0.196,0.224,0.34
318,3,4,3,4,3,1,1,0.947331955656409,0.162041878327727,1,0,0,1,0.167,0.427,0.715,0.204,0.248,0.532
327,3,2,3,2,3,1,1,1.03714180365205,0.17373969592154,1,0,0,1,0.209,0.445,0.817,0.184,0.332,0.616
333,4,3,3,4,4,1,0,0.956951078027487,0.160258512943983,0,1,1,0,0.16,0.436,NaN,0.232,0.788,NaN
338,3,1,3,1,1,-0,0,3.91702809557319,0.226235376670957,1,0,0,1,0.171,0.395,0.679,0.172,0.244,0.324
354,5,3,3,5,5,1,0,0.807491088286042,0.149112246930599,0,1,1,0,0.156,0.412,NaN,0.216,0.736,NaN
359,3,2,3,2,3,1,1,1.09718062728643,0.161622053012252,1,0,0,1,0.176,0.432,0.788,0.2,0.312,0.544
371,3,3,3,3,3,1,0,0.81686482951045,0.146262222900987,0,1,1,0,0.16,0.404,NaN,0.2,0.784,NaN
372,5,3,3,5,5,1,0,0.797113012522459,0.140906343236566,0,1,1,0,0.159,0.387,NaN,0.18,0.82,NaN
395,3,3,3,3,3,-0,0,0.826989369466901,0.155147014185786,1,0,0,1,0.164,0.404,NaN,0.196,0.908,NaN
400,2,3,3,2,2,1,0,0.847107019275427,0.201231760904193,0,1,1,0,0.183,0.439,NaN,0.212,6.28,NaN
408,3,2,3,2,3,1,1,0.877442255616188,0.156466973945498,1,0,0,1,0.207,0.443,0.707,0.196,0.216,0.472
439,3,1,3,1,3,1,1,0.836915753781796,0.183124946430326,1,0,0,1,0.154,0.398,0.658,0.196,0.22,0.44
452,3,4,3,4,4,-0,0,0.876982530578971,0.177021266892552,1,0,0,1,0.217,0.457,NaN,0.204,0.836,NaN
453,2,3,3,2,3,-0,1,1.03731449320912,0.193117240443826,0,1,1,0,0.137,0.389,0.737,0.2,0.296,0.576
462,1,3,3,1,1,1,0,0.7867492120713,0.183268278837204,0,1,1,0,0.222,0.462,NaN,0.192,0.6,NaN
465,3,5,3,5,5,-0,0,0.76722102612257,0.144260076805949,1,0,0,1,0.154,0.374,NaN,0.176,0.888,NaN
470,3,1,3,1,1,-0,0,0.916921177878976,0.19661783427,1,0,0,1,0.259,0.503,NaN,0.192,0.748,NaN
475,3,1,3,1,3,1,1,0.877009375020862,0.194601086899638,1,0,0,1,0.179,0.411,0.699,0.188,0.24,0.476
477,3,3,3,3,3,-0,0,0.816845698282123,0.166246917098761,1,0,0,1,0.217,0.441,NaN,0.184,1.104,NaN
493,5,3,3,5,5,1,0,0.757160101085901,0.159250117838383,0,1,1,0,0.163,0.407,NaN,0.2,0.736,NaN
500,2,3,3,2,2,1,0,0.817322205752134,0.176097603514791,0,1,1,0,0.237,0.457,NaN,0.176,0.616,NaN
513,3,3,3,3,3,-0,0,0.886969618499279,0.183123167604208,1,0,0,1,0.171,0.387,NaN,0.172,0.816,NaN
523,3,3,3,3,3,-0,0,1.01719230413437,0.155758216977119,1,0,0,1,0.213,0.469,NaN,0.204,1.096,NaN
524,3,3,3,3,3,-0,0,0.886892797425389,0.19311386346817,1,0,0,1,0.168,0.42,NaN,0.216,0.96,NaN
528,1,3,3,1,3,-0,1,0.906896270811558,0.190028181299567,0,1,1,0,0.148,0.396,0.684,0.208,0.244,0.48
534,5,3,3,5,5,1,0,0.867251811549067,0.175969142466784,0,1,1,0,0.248,0.496,NaN,0.2,0.824,NaN
535,2,3,3,2,2,1,0,0.86720328964293,0.166116546839476,0,1,1,0,0.19,0.438,NaN,0.212,0.784,NaN
555,3,3,3,3,3,-0,0,0.836858183145523,0.183422980830073,1,0,0,1,0.133,0.377,NaN,0.196,0.936,NaN
557,3,3,3,3,3,-0,0,0.847358336672187,0.172008538618684,1,0,0,1,0.179,0.419,NaN,0.188,0.736,NaN
565,3,4,3,4,4,-0,0,0.907053044065833,0.160257430747151,1,0,0,1,0.183,0.443,NaN,0.216,0.756,NaN
592,2,3,3,2,2,1,0,0.737110055983067,0.202724637463689,0,1,1,0,0.202,0.41,NaN,0.168,0.616,NaN
5,3,4,4,3,4,-0,1,0.697348279878497,0.136858783662319,0,1,1,0,0.143,0.415,0.591,0.216,0.136,0.732
25,1,4,4,1,4,-0,1,0.75723728351295,0.147366888821125,0,1,1,0,0.241,0.473,0.637,0.184,0.116,0.72
26,5,4,4,5,5,1,0,0.877304960042238,0.154267884790897,0,1,1,0,0.162,0.442,NaN,0.236,1.044,NaN
28,3,4,4,3,4,-0,1,0.827580342069268,0.153831360861659,0,1,1,0,0.16,0.424,0.664,0.22,0.188,0.848
37,1,4,4,1,4,-0,1,0.797394080087543,0.192114511504769,0,1,1,0,0.155,0.431,0.627,0.216,0.14,0.488
68,1,4,4,1,4,-0,1,0.807123314589262,0.159245569258928,0,1,1,0,0.143,0.391,0.647,0.2,0.2,0.732
74,4,1,4,1,4,1,1,0.967331433668733,0.156194437295198,1,0,0,1,0.241,0.493,0.741,0.212,0.204,0.832
79,3,4,4,3,4,-0,1,0.777771294116974,0.15369101986289,0,1,1,0,0.223,0.611,NaN,0.332,0.128,NaN
84,1,4,4,1,4,-0,1,0.868017273023725,0.146353358402848,0,1,1,0,0.19,0.426,0.69,0.192,0.212,0.852
115,1,4,4,1,4,-0,1,0.807019185274839,0.149467511102557,0,1,1,0,0.157,0.421,0.637,0.208,0.168,1.036
138,1,4,4,1,4,-0,1,0.887258820235729,0.162714337930083,0,1,1,0,0.153,0.425,0.681,0.232,0.212,0.876
139,2,4,4,2,4,-0,1,0.917112600058317,0.15639522485435,0,1,1,0,0.206,0.434,0.694,0.184,0.22,0.996
197,4,1,4,1,4,1,1,0.967017710208893,0.156566940248013,1,0,0,1,0.178,0.47,0.79,0.24,0.276,0.66
207,5,4,4,5,5,1,0,0.957009656354785,0.153985183686018,0,1,1,0,0.17,0.478,NaN,0.264,0.804,NaN
228,1,4,4,1,4,-0,1,0.887358648702502,0.143067236989737,0,1,1,0,0.179,0.435,0.675,0.212,0.2,0.956
247,5,4,4,5,5,1,0,1.15708567015827,0.150351379066706,0,1,1,0,0.268,0.688,NaN,0.376,0.792,NaN
251,2,4,4,2,4,-0,1,0.877104960381985,0.144985780119896,0,1,1,0,0.161,0.417,0.693,0.212,0.22,0.92
288,4,4,4,4,4,1,1,0.98701830022037,0.163370084017515,1,0,0,1,0.17,0.43,0.734,0.208,0.256,0.752
289,5,4,4,5,5,1,0,1.13726612366736,0.164018807932734,0,1,1,0,0.203,0.587,NaN,0.344,0.984,NaN
306,4,5,4,5,4,1,1,0.86689506098628,0.166490582749248,1,0,0,1,0.191,0.603,0.811,0.36,0.164,0.348
335,4,5,4,5,5,-0,0,0.816851457580924,0.19635259732604,1,0,0,1,0.152,0.396,0.652,0.188,0.2,0.0679999999999999
339,2,4,4,2,4,-0,1,0.867247151210904,0.175982115790248,0,1,1,0,0.206,0.438,0.682,0.188,0.2,1.304
348,1,4,4,1,4,-0,1,0.838063137605786,0.16973989084363,0,1,1,0,0.159,0.407,0.671,0.204,0.212,0.992
365,3,4,4,3,4,-0,1,0.848218588158488,0.150547185912728,0,1,1,0,0.141,0.417,0.745,0.232,0.284,0.848
370,5,4,4,5,5,1,0,1.02706797793508,0.155653366819024,0,1,1,0,0.26,0.524,NaN,0.224,0.884,NaN
383,4,5,4,5,5,-0,0,1.06692941300571,0.157117247581482,1,0,0,1,0.172,0.432,0.808,0.208,0.336,0.124
384,3,4,4,3,3,1,0,0.88716796040535,0.152868932113051,0,1,1,0,0.132,0.428,NaN,0.248,0.916,NaN
389,4,4,4,4,4,1,1,0.777250090613961,0.154112810268998,1,0,0,1,0.179,0.463,0.691,0.244,0.184,0.468
390,4,3,4,3,4,1,1,0.836911376565695,0.174641631543636,1,0,0,1,0.179,0.399,0.627,0.18,0.18,0.504
392,4,3,4,3,4,1,1,0.81727721169591,0.165867026895285,1,0,0,1,0.206,0.47,0.702,0.208,0.192,0.484
415,3,4,4,3,3,1,0,1.11708753742278,0.226988481357694,0,1,1,0,0.248,0.6,NaN,0.308,0.828,NaN
428,3,4,4,3,4,-0,1,0.927233535796404,0.174378337338567,0,1,1,0,0.167,0.443,0.755,0.236,0.268,1.88
436,4,4,4,4,4,-0,1,0.94701661542058,0.161479372531176,0,1,1,0,0.161,0.517,0.789,0.312,0.224,0.432
438,4,2,4,2,4,1,1,0.847185572609305,0.151131628081203,1,0,0,1,0.199,0.411,0.651,0.168,0.192,0.58
442,3,4,4,3,4,-0,1,0.820869652554393,0.182404257357121,0,1,1,0,0.172,0.44,0.704,0.224,0.216,0.492
448,1,4,4,1,4,-0,1,0.882493318989873,0.159155312925577,0,1,1,0,0.219,0.471,0.723,0.208,0.2,0.96
457,5,4,4,5,4,-0,1,0.787207160145044,0.184091463685036,0,1,1,0,0.163,0.411,0.643,0.204,0.188,0.508
461,4,1,4,1,4,1,1,0.730208402499557,0.201509200036526,1,0,0,1,0.166,0.434,0.634,0.224,0.152,0.488
486,5,4,4,5,5,1,0,0.887030059471726,0.195095730945468,0,1,1,0,0.162,0.506,NaN,0.3,0.896,NaN
529,3,4,4,3,4,-0,1,0.997388208284974,0.171890579164028,0,1,1,0,0.144,0.436,0.96,0.248,0.484,0.476
538,5,4,4,5,5,1,0,0.866845916956663,0.16647819429636,0,1,1,0,0.15,0.406,NaN,0.212,0.788,NaN
541,4,5,4,5,4,1,1,0.727107608690858,0.175738943740726,1,0,0,1,0.215,0.487,0.691,0.22,0.156,0.6
544,4,5,4,5,5,-0,0,0.837103743106127,0.161727583035827,1,0,0,1,0.149,0.421,NaN,0.224,0.696,NaN
547,1,4,4,1,4,-0,1,0.936980545520782,0.172151286154985,0,1,1,0,0.236,0.48,0.748,0.204,0.228,0.768
551,4,2,4,2,4,1,1,0.797328151762486,0.162094252184033,1,0,0,1,0.159,0.395,0.643,0.184,0.2,0.508
554,4,4,4,4,4,1,1,0.946837289258838,0.162716386839747,1,0,0,1,0.161,0.477,0.737,0.256,0.216,0.52
571,4,4,4,4,4,-0,1,0.917293339967728,0.156432073563337,0,1,1,0,0.168,0.42,0.712,0.208,0.236,0.624
575,3,4,4,3,4,-0,1,0.974816052243114,0.167241478338838,0,1,1,0,0.248,0.512,0.856,0.216,0.3,0.468
577,4,4,4,4,4,1,0,0.937337901443243,0.163934782147408,0,1,1,0,0.19,0.438,NaN,0.204,0.884,NaN
579,5,4,4,5,5,1,0,0.867356089875102,0.175852749496698,0,1,1,0,0.171,0.419,NaN,0.204,0.96,NaN
584,5,4,4,5,5,1,0,0.797018095850945,0.161416552960873,0,1,1,0,0.158,0.402,NaN,0.2,0.9,NaN
587,3,4,4,3,4,-0,1,0.88813902810216,0.161643572151661,0,1,1,0,0.227,0.487,0.735,0.22,0.204,0.564
590,4,1,4,1,4,1,1,0.757167648524046,0.189254593104124,1,0,0,1,0.154,0.45,0.65,0.24,0.156,0.428
591,3,4,4,3,4,-0,1,0.967468472197652,0.173365131020546,0,1,1,0,0.14,0.396,0.756,0.216,0.316,0.424
603,4,3,4,3,4,1,1,0.867003409191966,0.16635687276721,1,0,0,1,0.176,0.436,0.68,0.204,0.204,0.468
8,4,1,4,1,1,-0,0,0.696948036551476,0.140841979533434,1,0,0,1,0.133,0.389,NaN,0.2,0.928,NaN
20,2,4,4,2,2,1,0,0.877232361584902,0.154871791601181,0,1,1,0,0.242,0.462,NaN,0.176,0.812,NaN
24,4,1,4,1,4,1,1,0.90699533931911,0.149221988394856,1,0,0,1,0.162,0.418,0.67,0.2,0.204,0.66
43,2,4,4,2,4,-0,1,1.0172723736614,0.136345846578479,0,1,1,0,0.224,0.468,0.828,0.2,0.308,0.788
44,3,4,4,3,3,1,0,0.877055078744888,0.166226400062442,0,1,1,0,0.16,0.412,NaN,0.208,0.888,NaN
71,5,4,4,5,5,1,0,0.93721330165863,0.162937046959996,0,1,1,0,0.21,0.474,NaN,0.224,0.648,NaN
78,1,4,4,1,4,-0,1,0.887316795065999,0.131651874631643,0,1,1,0,0.146,0.382,0.678,0.192,0.24,0.764
114,4,1,4,1,4,1,1,0.887008056044579,0.145270947366953,1,0,0,1,0.175,0.411,0.679,0.196,0.22,0.62
130,4,5,4,5,5,-0,0,0.891865126788616,0.156749086454511,1,0,0,1,0.183,0.431,NaN,0.212,1.028,NaN
140,4,3,4,3,4,1,1,0.937486475333571,0.152839547023177,1,0,0,1,0.181,0.405,0.729,0.168,0.284,0.944
148,4,2,4,2,4,1,1,0.827121688053012,0.163504216820002,1,0,0,1,0.182,0.406,0.666,0.176,0.216,0.544
153,4,5,4,5,5,-0,0,0.947459366172552,0.150899093598127,1,0,0,1,0.216,0.476,NaN,0.204,1.232,NaN
163,3,4,4,3,4,-0,1,0.977428633719683,0.154513804242015,0,1,1,0,0.165,0.413,0.745,0.188,0.276,0.88
180,4,4,4,4,4,1,0,0.867412183433771,0.166146459057927,0,1,1,0,0.14,0.36,NaN,0.176,0.976,NaN
194,4,2,4,2,4,1,1,0.827046386897564,0.144601522013545,1,0,0,1,0.168,0.396,0.648,0.192,0.204,0.552
208,4,4,4,4,4,1,0,1.05700269527733,0.160091493278742,0,1,1,0,0.151,0.391,NaN,0.2,0.908,NaN
211,3,4,4,3,4,-0,1,0.996911235153675,0.14137482829392,0,1,1,0,0.256,0.516,0.816,0.216,0.248,0.448
223,4,4,4,4,4,-0,0,0.927093571051955,0.161152396351099,1,0,0,1,0.142,0.39,NaN,0.208,1.328,NaN
236,4,4,4,4,4,1,1,1.05711073614657,0.131116308271885,1,0,0,1,0.166,0.442,0.77,0.224,0.284,0.648
239,2,4,4,2,4,-0,1,1.10679910331964,0.160518806427717,0,1,1,0,0.246,0.49,0.798,0.196,0.268,0.864
254,1,4,4,1,4,-0,1,1.05718378536403,0.139975620433688,0,1,1,0,0.195,0.555,0.911,0.32,0.312,0.648
257,3,4,4,3,4,-0,1,0.827098207548261,0.155367892235518,0,1,1,0,0.144,0.44,0.692,0.256,0.204,0.616
262,4,4,4,4,4,1,0,0.797187224030495,0.160408332943916,0,1,1,0,0.171,0.415,NaN,0.204,0.864,NaN
269,4,3,4,3,4,1,1,0.787363907322288,0.143237337470055,1,0,0,1,0.17,0.418,0.658,0.192,0.192,0.476
281,3,4,4,3,4,-0,1,0.88692837767303,0.163099531084299,0,1,1,0,0.193,0.469,0.709,0.216,0.192,0.688
287,1,4,4,1,4,-0,1,0.866812758147717,0.155488235875964,0,1,1,0,0.15,0.398,0.658,0.204,0.216,0.86
292,4,3,4,3,4,1,1,0.813470019027591,0.162638457491994,1,0,0,1,0.19,0.438,0.666,0.208,0.188,0.32
347,1,4,4,1,4,-0,1,0.997058346867561,0.173044105991721,0,1,1,0,0.184,0.612,0.888,0.388,0.228,0.444
361,4,2,4,2,4,1,1,0.90724734403193,0.169381454586983,1,0,0,1,0.179,0.479,0.687,0.24,0.164,0.404
387,4,4,4,4,4,1,1,0.870684426277876,0.153116190806031,1,0,0,1,0.149,0.365,0.745,0.176,0.336,0.484
391,3,4,4,3,4,-0,1,0.967059973627329,0.177268642932177,0,1,1,0,0.174,0.446,0.806,0.224,0.312,0.808
416,4,4,4,4,4,-0,0,1.23780435137451,0.193063419312239,1,0,0,1,0.159,0.403,0.819,0.192,0.356,0.28
443,1,4,4,1,4,-0,1,0.947202874347568,0.211257562041283,0,1,1,0,0.163,0.391,0.679,0.188,0.244,0.62
455,4,2,4,2,4,1,1,0.893719617277384,0.154611675068736,1,0,0,1,0.151,0.371,0.635,0.176,0.224,0.512
456,4,1,4,1,4,1,1,1.00722572207451,0.206552769988775,1,0,0,1,0.243,0.487,0.771,0.204,0.24,0.476
459,3,4,4,3,3,1,0,1.01709900610149,0.166491899639368,0,1,1,0,0.188,0.452,NaN,0.22,0.816,NaN
468,1,4,4,1,4,-0,1,0.99729511141777,0.151387352496386,0,1,1,0,0.226,0.49,0.738,0.22,0.208,0.468
471,2,4,4,2,4,-0,1,1.02765571326017,0.174521243199706,0,1,1,0,0.151,0.407,0.811,0.212,0.352,0.572
472,4,3,4,3,4,1,1,0.757011199370027,0.169245572760701,1,0,0,1,0.188,0.432,0.6,0.204,0.12,0.552
483,4,2,4,2,4,1,1,0.867011457681656,0.176268426701427,1,0,0,1,0.153,0.365,0.673,0.172,0.272,0.532
490,4,3,4,3,4,1,1,0.777148123830557,0.194110151380301,1,0,0,1,0.226,0.486,0.682,0.22,0.148,0.448
491,1,4,4,1,4,-0,1,0.797268606722355,0.159228857606649,0,1,1,0,0.142,0.418,0.662,0.236,0.196,0.608
495,4,1,4,1,4,1,1,0.687316445633769,0.163106821477413,1,0,0,1,0.127,0.423,0.567,0.24,0.104,0.548
503,3,4,4,3,4,-0,1,0.927140770480037,0.195012183859944,0,1,1,0,0.172,0.424,0.736,0.208,0.276,0.472
505,4,2,4,2,4,1,1,0.877038763836026,0.155965192243457,1,0,0,1,0.186,0.418,0.686,0.188,0.22,0.444
507,3,4,4,3,4,-0,1,0.876915561035275,0.15571234934032,0,1,1,0,0.166,0.398,0.658,0.188,0.212,0.656
509,4,2,4,2,4,1,1,0.837084451690316,0.173374036327004,1,0,0,1,0.221,0.481,0.729,0.208,0.204,0.46
517,4,1,4,1,4,1,1,0.847105421125889,0.171001011505723,1,0,0,1,0.137,0.353,0.657,0.172,0.264,0.496
540,4,1,4,1,4,1,1,0.677214564755559,0.154747823253274,1,0,0,1,0.152,0.364,0.568,0.16,0.16,0.436
550,4,3,4,3,4,1,1,0.78691803663969,0.163028279319406,1,0,0,1,0.145,0.333,0.641,0.148,0.26,0.424
573,5,4,4,5,5,1,0,0.856886273249984,0.16992074996233,0,1,1,0,0.152,0.432,NaN,0.24,0.732,NaN
581,3,4,4,3,3,1,0,1.00709295831621,0.171383209526539,0,1,1,0,0.224,0.596,NaN,0.328,0.8,NaN
583,4,1,4,1,1,-0,0,1.55974708497524,0.175901722162962,1,0,0,1,0.14,1.396,NaN,1.204,0.56,NaN
586,4,2,4,2,4,1,1,0.877221588045359,0.145248543471098,1,0,0,1,0.174,0.414,0.694,0.196,0.232,0.484
595,4,3,4,3,4,1,1,0.777873486280441,0.185492970049381,1,0,0,1,0.149,0.401,0.657,0.2,0.208,0.36
597,1,4,4,1,4,-0,1,0.900193348526955,0.176620837301016,0,1,1,0,0.159,0.527,0.803,0.324,0.224,0.988
607,2,4,4,2,4,-0,1,0.917159074917436,0.156243823468685,0,1,1,0,0.14,0.364,0.652,0.18,0.24,0.54
13,5,3,5,3,5,1,1,0.737361334264278,0.152450824156404,1,0,0,1,0.174,0.406,0.614,0.184,0.16,0.612
38,5,3,5,3,5,1,1,0.737139215692878,0.172368325293064,1,0,0,1,0.163,0.363,0.595,0.16,0.18,0.436
64,5,3,5,3,5,1,1,0.717009065672755,0.156113972887397,1,0,0,1,0.19,0.454,0.606,0.22,0.116,0.7
70,3,5,5,3,5,-0,1,0.80688357539475,0.159609323367476,0,1,1,0,0.174,0.43,0.682,0.204,0.208,0.86
94,5,3,5,3,5,1,1,0.777020683512092,0.155497051775455,1,0,0,1,0.234,0.55,0.73,0.276,0.132,0.48
107,3,5,5,3,5,-0,1,0.726892365142703,0.156741889193654,0,1,1,0,0.129,0.397,0.601,0.224,0.16,0.392
113,5,3,5,3,5,1,1,0.73058526776731,0.150109846144915,1,0,0,1,0.16,0.436,0.62,0.224,0.14,0.452
142,3,5,5,3,5,-0,1,0.737410821020603,0.143463749438524,0,1,1,0,0.19,0.454,0.658,0.228,0.152,0.788
146,2,5,5,2,5,-0,1,0.737326027825475,0.162212517112494,0,1,1,0,0.147,0.411,0.599,0.22,0.128,0.956
170,2,5,5,2,5,-0,1,0.65906004793942,0.165723584592342,0,1,1,0,0.145,0.465,0.589,0.276,0.076,0.92
245,5,4,5,4,5,1,1,0.797016255557537,0.190981928259134,1,0,0,1,0.198,0.466,0.666,0.212,0.152,0.524
250,2,5,5,2,5,-0,1,0.707231717184186,0.158720299601555,0,1,1,0,0.151,0.431,0.579,0.24,0.104,0.784
270,5,2,5,2,5,1,1,0.794461015611887,0.143602376803756,1,0,0,1,0.218,0.49,0.67,0.224,0.136,0.536
312,5,3,5,3,5,1,1,0.667186260223389,0.155480751767755,1,0,0,1,0.138,0.47,0.602,0.28,0.0880000000000001,0.432
323,5,4,5,4,5,1,1,0.692700354382396,0.157000459730625,1,0,0,1,0.169,0.429,0.601,0.208,0.132,0.572
325,5,2,5,2,5,1,1,0.717135705053806,0.156132727861404,1,0,0,1,0.181,0.437,0.609,0.2,0.132,0.408
368,5,4,5,4,5,1,1,0.707063522189856,0.169016232714057,1,0,0,1,0.165,0.453,0.633,0.248,0.132,0.548
376,5,4,5,4,5,1,1,0.707059133797884,0.158998740836978,1,0,0,1,0.152,0.364,0.556,0.164,0.144,0.708
382,5,4,5,4,5,1,1,0.717098455876112,0.146987339481711,1,0,0,1,0.151,0.423,0.563,0.216,0.092,0.396
406,3,5,5,3,5,-0,1,0.757496364414692,0.157219901680946,0,1,1,0,0.207,0.483,0.627,0.236,0.1,0.792
440,5,3,5,3,5,1,1,0.666957898065448,0.175773650407791,1,0,0,1,0.175,0.419,0.575,0.2,0.108,0.548
445,5,3,5,3,5,1,1,0.646814983338118,0.181721478700638,1,0,0,1,0.156,0.392,0.544,0.196,0.104,0.852
451,5,3,5,3,5,1,1,0.727570034563541,0.193590944632888,1,0,0,1,0.173,0.429,0.581,0.204,0.108,0.592
488,1,5,5,1,5,-0,1,0.791442664340138,0.156499218195677,0,1,1,0,0.252,0.528,0.688,0.232,0.108,0.54
502,5,3,5,3,5,1,1,0.677013566717505,0.154098715633154,1,0,0,1,0.16,0.408,0.604,0.208,0.148,0.472
566,3,5,5,3,5,-0,1,0.690926387906075,0.177204951643944,0,1,1,0,0.205,0.489,0.613,0.236,0.08,1.64
570,1,5,5,1,5,-0,1,0.73747649230063,0.171991225332022,0,1,1,0,0.162,0.45,0.638,0.248,0.136,0.508
574,5,5,5,5,5,-0,1,0.7072763312608,0.167357480153441,0,1,1,0,0.199,0.511,0.683,0.256,0.12,0.468
593,5,4,5,4,5,1,1,0.727386154234409,0.153819419443607,1,0,0,1,0.178,0.442,0.61,0.208,0.116,0.452
23,5,3,5,3,5,1,1,0.737067775800824,0.142478613182902,1,0,0,1,0.16,0.404,0.572,0.192,0.128,0.612
39,5,5,5,5,5,1,1,0.627075284719467,0.154349513351917,1,0,0,1,0.17,0.366,0.538,0.156,0.124,0.44
69,5,3,5,3,5,1,1,0.727330358698964,0.153848245739937,1,0,0,1,0.143,0.367,0.575,0.184,0.172,0.692
86,5,4,5,4,5,1,1,0.707058118656278,0.169116415083408,1,0,0,1,0.158,0.422,0.57,0.212,0.1,0.444
93,1,5,5,1,5,-0,1,0.727556234225631,0.143597263842821,0,1,1,0,0.18,0.416,0.608,0.192,0.144,0.824
103,5,3,5,3,5,1,1,0.742542920634151,0.126698933541775,1,0,0,1,0.18,0.408,0.648,0.188,0.176,0.652
104,5,2,5,2,5,1,1,0.70734721980989,0.148746015504003,1,0,0,1,0.146,0.434,0.638,0.248,0.148,0.44
120,3,5,5,3,5,-0,1,0.677140424028039,0.144624503329396,0,1,1,0,0.172,0.432,0.604,0.216,0.128,0.76
164,5,1,5,1,5,1,1,0.707050720229745,0.149604611098766,1,0,0,1,0.181,0.413,0.577,0.176,0.116,0.74
167,5,3,5,3,5,1,1,0.826918315142393,0.154621329158545,1,0,0,1,0.241,0.545,0.717,0.248,0.128,0.736
186,3,5,5,3,5,-0,1,0.717100784182549,0.135869951918721,0,1,1,0,0.154,0.434,0.614,0.232,0.124,0.888
198,2,5,5,2,5,-0,1,0.745891319587827,0.16123129799962,0,1,1,0,0.208,0.516,0.644,0.264,0.084,0.84
199,1,5,5,1,5,-0,1,0.781520750373602,0.159823851659894,0,1,1,0,0.248,0.512,0.688,0.224,0.128,0.696
212,5,3,5,3,5,1,1,0.687171176075935,0.182488739490509,1,0,0,1,0.15,0.358,0.578,0.168,0.172,0.516
220,4,5,5,4,5,-0,1,0.666831513866782,0.145711226388812,0,1,1,0,0.164,0.404,0.552,0.2,0.096,0.92
238,3,5,5,3,5,-0,1,0.817020002752542,0.156251756474376,0,1,1,0,0.169,0.433,0.677,0.224,0.188,0.84
259,5,4,5,4,5,1,1,0.727074831724167,0.154748467728496,1,0,0,1,0.182,0.458,0.63,0.22,0.116,0.532
266,5,3,5,3,5,1,1,0.736996300518513,0.141862794756889,1,0,0,1,0.179,0.415,0.615,0.196,0.148,0.752
332,1,5,5,1,5,-0,1,0.704414578154683,0.172267882153392,0,1,1,0,0.178,0.446,0.618,0.224,0.12,1.052
356,5,2,5,2,5,1,1,0.807094847783446,0.139212371781468,1,0,0,1,0.209,0.461,0.637,0.2,0.128,0.484
388,5,1,5,1,5,1,1,0.687138874083757,0.142248436808586,1,0,0,1,0.165,0.413,0.573,0.204,0.108,0.74
401,5,3,5,3,5,1,1,0.697239959612489,0.150475762784481,1,0,0,1,0.165,0.393,0.569,0.184,0.132,0.332
414,3,5,5,3,5,-0,1,0.739275855943561,0.162000903859735,0,1,1,0,0.177,0.425,0.625,0.188,0.148,0.896
418,5,1,5,1,5,1,1,0.680478556081653,0.151125444099307,1,0,0,1,0.186,0.414,0.57,0.172,0.108,0.436
427,5,3,5,3,5,1,1,0.697902051731944,0.149985821917653,1,0,0,1,0.163,0.395,0.567,0.188,0.128,0.456
433,4,5,5,4,5,-0,1,0.756981695070863,0.159368772059679,0,1,1,0,0.18,0.428,0.644,0.204,0.164,0.396
460,3,5,5,3,5,-0,1,0.707283088937402,0.16734123788774,0,1,1,0,0.153,0.425,0.581,0.228,0.104,0.64
485,5,5,5,5,5,1,1,0.657851347699761,0.165540004149079,1,0,0,1,0.186,0.482,0.638,0.244,0.092,0.42
498,5,2,5,2,5,1,1,0.637028643861413,0.161244025453925,1,0,0,1,0.152,0.408,0.568,0.212,0.116,0.476
536,4,5,5,4,5,-0,1,0.687309835106134,0.180876636877656,0,1,1,0,0.159,0.423,0.623,0.216,0.156,0.768
542,3,5,5,3,5,-0,1,0.727077385410666,0.164118072018027,0,1,1,0,0.207,0.483,0.659,0.236,0.128,0.684
549,5,3,5,3,5,1,1,0.718524061143398,0.154215881600976,1,0,0,1,0.189,0.433,0.601,0.2,0.12,0.564
596,2,5,5,2,5,-0,1,0.697137324139476,0.180722668766975,0,1,1,0,0.163,0.419,0.599,0.216,0.132,0.816
602,4,5,5,4,5,-0,1,0.73721070587635,0.142088528722525,0,1,1,0,0.151,0.423,0.623,0.228,0.152,0.42
