sim_id,true_eta,true_kappa,true_a,true_sigma,true_b,true_x0,tada_eta,tada_kappa,tada_a,tada_z,tada_x0,addm_eta,addm_kappa,addm_a,addm_x0_raw,addm_x0,time_data_simulation,time_tada_inference,time_addm_inference,tada_eta_error,tada_eta_rel_error,addm_eta_error,addm_eta_rel_error,tada_kappa_error,tada_kappa_rel_error,addm_kappa_error,addm_kappa_rel_error,tada_a_error,tada_a_rel_error,addm_a_error,addm_a_rel_error,tada_x0_error,tada_x0_rel_error,addm_x0_error,addm_x0_rel_error
0,0.42454802688998333,0.45930389507678443,1.8172944503135793,1.0,0.0,0.49859355651831594,0.384,0.469,1.76,0.64,0.4928000000000001,0.42,0.46,1.8,0.645,0.522,483.33067750930786,41.004096031188965,243.22806668281555,-0.040548026889983324,-0.0955086923545893,-0.004548026889983348,-0.010712632262832105,0.009696104923215543,0.02111043478434815,0.0006961049232155903,0.0015155650336891187,-0.05729445031357927,-0.03152733466153102,-0.017294450313579235,-0.009516592267474887,-0.005793556518315812,-0.01161979821554911,0.02340644348168408,0.046944937766808546
1,0.6701272062593124,0.7433213271637947,1.4937396611134868,1.0,0.0,-0.22434381430784334,0.622,0.736,1.507,0.422,-0.23509200000000008,0.658,0.724,1.525,0.42,-0.244,313.06902265548706,39.26911926269531,206.860933303833,-0.04812720625931244,-0.07181801575847248,-0.012127206259312406,-0.0180968719760046,-0.007321327163794744,-0.009849478141209652,-0.019321327163794755,-0.0259932366497769,0.013260338886513123,0.00887727576077641,0.03126033888651314,0.020927568371057758,-0.010748185692156742,0.047909436350262555,-0.019656185692156658,0.0876163479381007
2,0.4502758669708769,0.14174791807751333,1.8111414894710778,1.0,0.0,-0.0163536938745652,0.4,0.124,1.781,0.512,0.042744000000000115,0.397,0.124,1.786,0.512,0.04286400000000001,717.3318538665771,35.25095248222351,275.2384548187256,-0.05027586697087688,-0.11165569966939543,-0.053275866970876884,-0.11831828192187498,-0.01774791807751333,-0.12520761022964777,-0.01774791807751333,-0.12520761022964777,-0.030141489471077865,-0.016642261052658192,-0.02514148947107775,-0.013881571162295013,0.059097693874565316,-3.6137214214630493,0.059217693874565214,-3.62105921321336
3,0.4027438417385661,0.47124160738783333,2.7867080552044623,1.0,0.0,-0.3001230413319771,0.427,0.481,2.782,0.44,-0.3338399999999999,0.436,0.49,2.858,0.438,-0.3543919999999998,1180.997737646103,38.55117082595825,369.98371410369873,0.024256158261433902,0.06022726047585192,0.03325615826143391,0.08257397088400807,0.009758392612166655,0.02070783322011604,0.018758392612166663,0.039806316585981015,-0.004708055204462269,-0.0016894684018548317,0.0712919447955378,0.02558285381290401,-0.03371695866802282,0.11234378579659687,-0.054268958668022726,0.18082236681053035
4,0.4692048775241952,1.2187532979717564,2.393997054866691,1.0,0.0,1.4913184440129372,0.436,1.172,2.269,0.798,1.3523240000000003,0.458,1.209,2.387,0.809,1.4751660000000002,441.9867434501648,43.693031311035156,401.89484906196594,-0.03320487752419521,-0.07076839801709639,-0.01120487752419519,-0.02388056488951864,-0.046753297971756425,-0.038361576579577714,-0.00975329797175628,-0.008002684372618868,-0.12499705486669077,-0.052212702021745466,-0.006997054866690888,-0.0029227499893814688,-0.13899444401293692,-0.09320239052292653,-0.01615244401293703,-0.010830982529440845
5,0.338564215473836,0.5300215471399147,2.0208084848244408,1.0,0.0,-0.7500874024218989,0.298,0.505,1.947,0.312,-0.7320720000000001,0.332,0.497,2.001,0.305,-0.7803899999999999,530.3705425262451,37.58903479576111,264.4136667251587,-0.04056421547383604,-0.11981247166675478,-0.00656421547383601,-0.0193883912528945,-0.02502154713991467,-0.04720854703914424,-0.033021547139914675,-0.06230227302664296,-0.07380848482444069,-0.036524235413061844,-0.019808484824440864,-0.009802257350558254,0.018015402421898807,-0.024017737617949956,-0.030302597578101054,0.04039875550537091
6,0.15415992171034418,0.27131345309123306,1.342454159977296,1.0,0.0,-0.45150201992221684,0.083,0.285,1.316,0.344,-0.41059200000000007,0.143,0.266,1.337,0.335,-0.4412099999999999,367.8466749191284,44.40100812911987,230.82244682312012,-0.07115992171034417,-0.46159806596197384,-0.01115992171034419,-0.07239184858508757,0.013686546908766917,0.05044551515167447,-0.005313453091233045,-0.01958418585843703,-0.026454159977295832,-0.01970581995719186,-0.005454159977295925,-0.004062827722466269,0.04091001992221677,-0.09060871960055594,0.010292019922216955,-0.02279506949711992
7,0.13209579190161191,0.5484725075936137,2.623211287779385,1.0,0.0,-1.788613589912362,0.131,0.521,2.415,0.175,-1.56975,0.142,0.56,2.631,0.159,-1.7943419999999999,531.8809115886688,40.94500207901001,446.9057698249817,-0.0010957919016119089,-0.008295433835076901,0.009904208098388073,0.07497746866732108,-0.027472507593613638,-0.05008912427378981,0.011527492406386397,0.021017447997462073,-0.20821128777938513,-0.07937267148451517,0.007788712220614613,0.0029691516870560416,0.2188635899123621,-0.12236493737201555,-0.005728410087637803,0.0032027096964629916
8,0.8678252480166252,0.21708658904620473,2.6343802264161655,1.0,0.0,-0.23207414276994198,0.876,0.212,2.566,0.467,-0.16935600000000006,0.864,0.213,2.568,0.467,-0.16948799999999986,1207.6460695266724,31.23460078239441,335.8613986968994,0.008174751983374806,0.00941981349592885,-0.0038252480166252045,-0.004407855182097587,-0.005086589046204737,-0.023431152834236604,-0.004086589046204736,-0.018824696007982998,-0.0683802264161657,-0.02595685532805216,-0.06638022641616548,-0.0251976634771776,0.06271814276994192,-0.2702504553991403,0.06258614276994212,-0.26968167165432366
9,0.17934872129263923,0.12563509234620082,3.2112840956272386,1.0,0.0,-0.8298705188152962,0.2,0.122,3.176,0.37,-0.8257600000000003,0.153,0.13,3.228,0.371,-0.832824,2614.871006965637,57.17069602012634,435.8349778652191,0.020651278707360776,0.11514594895641633,-0.026348721292639238,-0.14691334904834158,-0.0036350923462008244,-0.02893373402539429,0.004364907653799183,0.03474274243195696,-0.03528409562723844,-0.01098753476071591,0.016715904372761603,0.005205364544209408,0.004110518815295894,-0.004953205014637675,-0.0029534811847038434,0.0035589662697262272
10,0.3700933882908645,0.1851206362006205,1.6073263941968363,1.0,0.0,-0.15224029825718488,0.338,0.182,1.6,0.451,-0.15680000000000005,0.368,0.178,1.607,0.451,-0.15748600000000001,547.3990013599396,38.679479122161865,191.7955367565155,-0.0320933882908645,-0.08671699983367874,-0.0020933882908645285,-0.005656378517141432,-0.0031206362006205024,-0.016857311343931317,-0.007120636200620506,-0.038464842962746035,-0.007326394196836228,-0.004558124736386941,-0.00032639419683633264,-0.00020306653210869986,-0.00455970174281517,0.02995068845117674,-0.005245701742815134,0.0344567227131504
11,0.7222545135329691,1.0215167565801244,1.0327252561558449,1.0,0.0,-0.22143961433680193,0.713,1.038,1.019,0.407,-0.1895340000000001,0.721,1.041,1.029,0.402,-0.20168399999999997,179.33484172821045,41.400168657302856,135.9276306629181,-0.009254513532969133,-0.01281336891575782,-0.001254513532969126,-0.0017369410775054444,0.016483243419875615,0.016136048002833445,0.019483243419875507,0.019072857390124764,-0.013725256155844967,-0.013290326806700791,-0.003725256155844958,-0.003607209307257218,0.031905614336801835,-0.14408268562225054,0.019755614336801952,-0.08921445422477277
12,0.6900793200429938,0.7747347509510185,0.7128294413825607,1.0,0.0,0.19071210517929582,0.668,0.84,0.715,0.629,0.18447000000000002,0.688,0.827,0.716,0.63,0.18616,80.68998193740845,38.22060585021973,71.90879344940186,-0.022079320042993733,-0.03199533648047609,-0.0020793200429938263,-0.003013160925999462,0.06526524904898146,0.0842420569993352,0.052265249048981444,0.0674621204029169,0.002170558617439311,0.003044990135690001,0.003170558617439312,0.004447850261753905,-0.006242105179295798,-0.03273051374178558,-0.004552105179295829,-0.023868989202422253
13,0.6626854870021712,1.0053208202170136,1.8721980345071056,1.0,0.0,-1.3577151014828215,0.654,0.953,1.839,0.14,-1.32408,0.653,0.979,1.888,0.135,-1.37824,324.5962026119232,42.844249963760376,296.6952188014984,-0.0086854870021712,-0.013106499497163037,-0.0096854870021712,-0.01461551096582181,-0.052320820217013675,-0.05204390396064754,-0.026320820217013652,-0.026181513092837276,-0.03319803450710568,-0.017732116953026147,0.015801965492894254,0.008440328000373339,0.03363510148282156,-0.02477331322755942,-0.020524898517178425,0.015117235195190997
15,0.2104893240667567,0.10884482460101236,2.9707771667441136,1.0,0.0,1.0631299408307813,0.274,0.098,2.897,0.67,0.9849800000000002,0.196,0.108,2.932,0.673,1.014472,1753.7272748947144,50.946128845214844,447.3580734729767,0.06351067593324333,0.30172872764369235,-0.014489324066756681,-0.06883638460524198,-0.010844824601012354,-0.0996356477284588,-0.0008448246010123589,-0.007761734231362814,-0.07377716674411383,-0.02483429843543987,-0.03877716674411369,-0.013052869524580448,-0.07814994083078108,-0.07350930288889328,-0.04865794083078123,-0.045768573494184124
16,0.4164518597981898,0.19527855010821382,1.8740201227086928,1.0,0.0,0.9784915096813913,0.511,0.19,1.845,0.742,0.8929799999999999,0.476,0.199,1.863,0.744,0.909144,585.1990311145782,36.65605878829956,255.94404554367065,0.09454814020181018,0.2270325800625015,0.05954814020181015,0.14298925266096024,-0.00527855010821382,-0.027030875153920927,0.0037214498917861882,0.019057136022998647,-0.029020122708692808,-0.015485491514758854,-0.011020122708692792,-0.0058804719197808825,-0.08551150968139143,-0.08739116163535748,-0.06934750968139136,-0.07087185631684403
17,0.23957323399869268,0.8678195084421285,2.5036251603987307,1.0,0.0,1.7331619993763874,0.193,0.814,2.271,0.821,1.457982,0.217,0.848,2.465,0.84,1.6761999999999997,339.51030802726746,35.899362564086914,279.67474126815796,-0.046573233998692676,-0.19440082358677355,-0.022573233998692682,-0.09422268765974025,-0.05381950844212857,-0.062016937760183556,-0.01981950844212854,-0.022838284054834918,-0.23262516039873082,-0.09291533096818799,-0.03862516039873087,-0.015427693014787957,-0.2751799993763875,-0.1587733861435922,-0.056961999376387684,-0.03286594063156433
31,0.7175212889724174,0.4168403075228916,4.817770096055736,1.0,0.0,-2.123117992714901,0.721,0.425,4.858,0.268,-2.2541119999999997,0.719,0.429,4.895,0.267,-2.2810699999999997,2701.1634526252747,38.08960509300232,548.0369927883148,0.0034787110275825706,0.004848233886641233,0.0014787110275825688,0.002060860144930714,0.008159692477108405,0.019575104254188038,0.012159692477108408,0.02917110523540393,0.04022990394426351,0.00835031625465054,0.07722990394426343,0.016030217798788455,-0.13099400728509858,0.061698882367622075,-0.15795200728509862,0.07439624544047134
38,0.3696685178110136,0.5459170733899671,1.3821968133523916,1.0,0.0,1.0326389990683844,0.431,0.504,1.279,0.859,0.9183219999999999,0.385,0.541,1.331,0.866,0.9742920000000002,149.1563103199005,41.80153560638428,221.70291662216187,0.061331482188986375,0.16590940054121944,0.01533148218898639,0.04147359445097333,-0.041917073389967086,-0.07678285848375417,-0.004917073389967053,-0.009006996904188451,-0.10319681335239173,-0.07466144644198486,-0.05119681335239168,-0.037040176086225014,-0.11431699906838455,-0.11070373980792696,-0.05834699906838425,-0.05650280409806636
78,0.23381610026160332,0.546254508150492,2.2901803575454847,1.0,0.0,0.020528033600716533,0.172,0.567,2.202,0.51,0.04403999999999986,0.207,0.558,2.302,0.512,0.055248000000000186,624.5799243450165,38.111104011535645,293.495290517807,-0.061816100261603335,-0.2643791432345372,-0.02681610026160333,-0.11468885261365812,0.020745491849507913,0.037977703689344326,0.011745491849508016,0.021501867122846987,-0.0881803575454847,-0.038503673850382926,0.011819642454515389,0.005161009444331784,0.023511966399283324,1.145358920226175,0.03471996639928365,1.691343996926805
85,0.24151498730522733,0.9008659293880621,4.046037389728416,1.0,0.0,-3.5631471271104678,0.235,0.769,3.468,0.077,-2.933928,0.237,0.861,3.896,0.066,-3.381728,476.50077652931213,44.49418044090271,435.90244698524475,-0.006514987305227343,-0.026975499027700852,-0.0045149873052273415,-0.018694439444957873,-0.13186592938806208,-0.1463768637333589,-0.039865929388062105,-0.044252899446582616,-0.5780373897284159,-0.1428650637771827,-0.15003738972841596,-0.03708255146364008,0.6292191271104679,-0.17659083519818974,0.18141912711046793,-0.05091541848781015
87,0.33644725127976066,0.6427045356738668,2.4578598326717604,1.0,0.0,-1.5510664102602538,0.304,0.605,2.283,0.195,-1.39263,0.318,0.628,2.411,0.183,-1.5285739999999999,537.5338475704193,41.91751146316528,381.60654306411743,-0.03244725127976067,-0.09644082736993538,-0.018447251279760657,-0.054829549683024476,-0.03770453567386678,-0.058665426461218445,-0.014704535673866759,-0.022879153417595315,-0.17485983267176053,-0.07114312636847282,-0.046859832671760415,-0.019065299025137046,0.1584364102602538,-0.10214676122969467,0.022492410260253948,-0.0145012554662182
88,0.5789584358691732,0.49283876152009726,2.6841555369130847,1.0,0.0,-1.9952838672441762,0.592,0.47,2.676,0.129,-1.985592,0.587,0.483,2.734,0.126,-2.045032,648.3624613285065,42.42476272583008,1898.5227222442627,0.0130415641308268,0.022525907427616777,0.008041564130826795,0.01388970888515379,-0.022838761520097284,-0.046341244446062003,-0.009838761520097272,-0.01996344907967646,-0.008155536913084571,-0.0030383995267516625,0.04984446308691526,0.01856988628320657,0.009691867244176144,-0.004857387664624508,-0.04974813275582379,0.02493285971611366
111,0.2931373431022592,0.5726679102991366,0.7568358972534892,1.0,0.0,-0.2255311242599426,0.277,0.61,0.748,0.36,-0.20944000000000007,0.322,0.589,0.755,0.354,-0.22046,74.51224327087402,35.25469183921814,81.12822151184082,-0.016137343102259172,-0.0550504515442434,0.028862656897740813,0.09846120795217908,0.037332089700863436,0.06518977059734811,0.016332089700863417,0.028519303084980352,-0.008835897253489211,-0.011674786153186097,-0.0018358972534892049,-0.0024257534032827498,0.016091124259942524,-0.07134768787564869,0.005071124259942605,-0.02248525243060346
112,0.7821729426755875,0.2392103733985619,1.1841102068200848,1.0,0.0,0.2403210989210538,0.679,0.266,1.239,0.61,0.27258000000000004,0.708,0.262,1.242,0.61,0.2732399999999999,250.03125834465027,45.75516319274902,135.94545245170593,-0.10317294267558741,-0.13190553782474576,-0.0741729426755875,-0.09482933840930793,0.026789626601438105,0.11199190996956639,0.0227896266014381,0.09527022711288116,0.05488979317991527,0.0463553078621974,0.05788979317991516,0.048888855823122725,0.032258901078946245,0.13423249653807295,0.03291890107894613,0.13697882219554966
113,0.800313873962777,0.4209916413866356,3.020463902882438,1.0,0.0,0.4663048799685501,0.796,0.438,2.989,0.57,0.4184599999999996,0.791,0.442,3.002,0.57,0.42027999999999954,1169.9323453903198,32.3492431640625,406.7468752861023,-0.004313873962776937,-0.005390227638334779,-0.009313873962776942,-0.011637776459702029,0.017008358613364416,0.04040070381764199,0.02100835861336442,0.04990208010821407,-0.031463902882438166,-0.010416910744211201,-0.018463902882438266,-0.006112936117136876,-0.04784487996855047,-0.1026042875034406,-0.046024879968550536,-0.09870126165450956
115,0.32205482671968894,0.560916060021516,1.1794276580262515,1.0,0.0,-0.015361262784304497,0.26,0.617,1.145,0.499,-0.0022899999999999032,0.359,0.555,1.151,0.501,0.0023020000000000262,241.8702518939972,48.41319227218628,141.0213565826416,-0.06205482671968893,-0.19268404498622962,0.03694517328031105,0.11471703019209056,0.05608393997848404,0.0999863330287472,-0.005916060021515901,-0.010547139658096024,-0.03442765802625147,-0.02919013963422349,-0.028427658026251468,-0.02410292639213208,0.013071262784304594,-0.8509237142704354,0.017663262784304523,-1.1498574715063214
121,0.6465531758655814,1.0444722057260898,2.0909780567128613,1.0,0.0,0.525176574830323,0.624,1.018,2.039,0.617,0.47712600000000016,0.645,1.024,2.088,0.621,0.505296,412.11294317245483,62.7664053440094,297.31872940063477,-0.022553175865581365,-0.03488216701648401,-0.0015531758655813466,-0.0024022399449233427,-0.02647220572608977,-0.02534505521636833,-0.020472205726089765,-0.01960052705457875,-0.051978056712861154,-0.024858250686080212,-0.002978056712861221,-0.0014242410164470587,-0.04805057483032282,-0.09149413194190406,-0.019880574830323017,-0.03785502968548463
123,0.5729480521781338,0.9280203991584811,1.8222864874358529,1.0,0.0,-0.5110088749027055,0.549,0.954,1.814,0.369,-0.475268,0.576,0.949,1.851,0.367,-0.4923660000000001,330.4641537666321,36.238723278045654,223.85642886161804,-0.023948052178133783,-0.04179794675467045,0.00305194782186613,0.0053267443885423255,0.025979600841518846,0.02799464415337946,0.020979600841518842,0.022606831552994866,-0.008286487435852807,-0.004547302245275802,0.028713512564147115,0.015756859726568033,0.0357408749027055,-0.06994178899438967,0.018642874902705442,-0.036482487522853664
128,0.3345128765341766,0.6356528106858743,2.372261677969319,1.0,0.0,-1.7614508219083824,0.33,0.605,2.255,0.143,-1.61007,0.334,0.644,2.427,0.13,-1.7959800000000001,366.91708040237427,33.8652081489563,406.7777678966522,-0.004512876534176591,-0.013490890338613074,-0.0005128765341765873,-0.0015332041608992818,-0.030652810685874332,-0.048222567682505345,0.008347189314125703,0.013131680020605935,-0.11726167796931897,-0.049430330160581695,0.054738322030681186,0.02307431871408797,0.15138082190838253,-0.08594098684195695,-0.03452917809161771,0.01960269208890446
130,0.9461298349822006,0.29074167169119813,3.5407039463627688,1.0,0.0,1.8857781582834323,0.958,0.27,3.48,0.761,1.8165600000000004,0.939,0.273,3.484,0.761,1.8186480000000005,2196.551614046097,44.84032440185547,475.3077130317688,0.011870165017799361,0.01254602125301616,-0.007129834982200656,-0.007535789189371444,-0.020741671691198116,-0.07134055318092898,-0.017741671691198113,-0.0610221148829393,-0.06070394636276877,-0.017144598159676026,-0.056703946362768765,-0.016014879306986,-0.06921815828343192,-0.03670535581260478,-0.06713015828343183,-0.03559812058940083
154,0.5060994392983204,1.0435796098137597,2.2927336006591537,1.0,0.0,-1.2495572422994987,0.48,1.057,2.229,0.239,-1.1635380000000002,0.508,1.069,2.314,0.232,-1.240304,361.7393219470978,38.39160633087158,378.84601736068726,-0.02609943929832037,-0.051569785049566226,0.0019005607016796544,0.0037553108225424625,0.013420390186240194,0.012859958224591257,0.025420390186240205,0.024358841383243204,-0.06373360065915357,-0.027798083755055693,0.021266399340846398,0.009275564912876217,0.08601924229949853,-0.06883977731280366,0.009253242299498643,-0.007405216813013189
158,0.713170493100896,0.371598030410454,1.3151424537790002,1.0,0.0,-0.02856955639472436,0.626,0.368,1.283,0.485,-0.038490000000000135,0.693,0.353,1.283,0.486,-0.03592400000000007,261.01222372055054,30.90606951713562,180.09215927124023,-0.08717049310089597,-0.12222952848466138,-0.020170493100896025,-0.028282848625991036,-0.003598030410454034,-0.009682587408980012,-0.018598030410454047,-0.05004878629176619,-0.03214245377900027,-0.024440283017737305,-0.03214245377900027,-0.024440283017737305,-0.009920443605275775,0.3472382793842637,-0.007354443605275707,0.25742239409197737
160,0.2250517234915565,0.4177698513392397,4.568906280437601,1.0,0.0,2.637606202590643,0.233,0.388,4.282,0.775,2.3551,0.23,0.418,4.571,0.784,2.5963279999999997,2628.7441153526306,46.573699951171875,610.0294334888458,0.007948276508443514,0.03531755449427481,0.004948276508443511,0.02198728555228843,-0.029769851339239706,-0.07125897487290396,0.0002301486607602654,0.0005508982039332917,-0.28690628043760125,-0.06279539627810486,0.002093719562398455,0.0004582539964461522,-0.28250620259064263,-0.10710704361900823,-0.041278202590643076,-0.015649873188082378
163,0.18174829381750346,0.31618342887980544,0.6889215180424224,1.0,0.0,-0.16092995108296593,0.158,0.36,0.7,0.385,-0.16100000000000003,0.223,0.332,0.699,0.386,-0.15937199999999996,86.92647218704224,41.861268281936646,82.31459498405457,-0.023748293817503457,-0.1306658418557124,0.041251706182496545,0.2269716282669376,0.04381657112019455,0.13857959373592302,0.015816571120194578,0.050023403112017986,0.011078481957577546,0.016080905687279396,0.010078481957577545,0.014629361536297568,-7.004891703410454e-05,0.0004352758238147446,0.0015579510829659693,-0.009680926841037702
170,0.40700147732391245,0.3499386238230797,1.7236302574854168,1.0,0.0,-0.5079130612928151,0.342,0.346,1.683,0.371,-0.4342140000000001,0.382,0.336,1.709,0.367,-0.45459399999999994,449.1309337615967,33.87624382972717,217.0634536743164,-0.06500147732391243,-0.15970820978662184,-0.025001477323912447,-0.06142846824119756,-0.0039386238230797455,-0.011255184637952442,-0.013938623823079699,-0.039831624388300506,-0.04063025748541671,-0.023572490276825203,-0.014630257485416687,-0.008488048653056596,0.073699061292815,-0.14510172489997658,0.05331906129281516,-0.10497674770776644
177,0.5733335455611798,0.4244949059116962,1.8440227192818137,1.0,0.0,-0.19733991485571,0.563,0.453,1.863,0.445,-0.20493000000000006,0.577,0.453,1.885,0.444,-0.21111999999999997,568.8537278175354,39.32021355628967,251.17852306365967,-0.010333545561179824,-0.01802361930709171,0.003666454438820188,0.006394976305165358,0.028505094088303817,0.06715061521664872,0.028505094088303817,0.06715061521664872,0.018977280718186273,0.010291240189045665,0.04097728071818629,0.022221678881562585,-0.0075900851442900485,0.03846198651620848,-0.013780085144289966,0.0698291835909913
189,0.7783618864709902,0.5403137249995369,2.138655493181613,1.0,0.0,0.13693535132025136,0.742,0.54,2.108,0.518,0.07588799999999996,0.763,0.535,2.12,0.519,0.08056000000000019,675.9078893661499,40.266029357910156,330.67719173431396,-0.03636188647099026,-0.046715913385547654,-0.015361886470990238,-0.019736175085138603,-0.0003137249995368574,-0.0005806348886235053,-0.005313724999536862,-0.009834517898914036,-0.03065549318161276,-0.014334002497993499,-0.018655493181612748,-0.008723000614680365,-0.06104735132025141,-0.4458114776912477,-0.05637535132025118,-0.41169318789277337
192,0.3744632614641622,0.4340737381870133,2.2937834921726847,1.0,0.0,0.36285571649711423,0.377,0.41,2.182,0.566,0.2880239999999996,0.389,0.417,2.246,0.569,0.3099479999999999,801.4405002593994,40.7481107711792,333.47676372528076,0.0025367385358378014,0.006774332215980495,0.014536738535837812,0.03882019955442022,-0.024073738187013305,-0.05546001996702584,-0.0170737381870133,-0.03933372762499944,-0.1117834921726848,-0.04873323596326122,-0.04778349217268474,-0.02083173600984631,-0.07483171649711462,-0.20622995062476782,-0.05290771649711434,-0.1458092406752399
212,0.5323050787663931,0.5571373950914973,1.5396787407193893,1.0,0.0,-0.5865517586193435,0.53,0.546,1.572,0.307,-0.606792,0.56,0.54,1.598,0.302,-0.632808,306.06604409217834,31.84411072731018,180.54332733154297,-0.002305078766393076,-0.004330371545082854,0.02769492123360695,0.05202828666934647,-0.011137395091497249,-0.019990392297519685,-0.017137395091497254,-0.0307597286458986,0.0323212592806108,0.020992209884972,0.05832125928061083,0.03787884948866748,-0.0202402413806565,0.03450717022535069,-0.04625624138065654,0.07886131223873051
219,0.34925149137647876,1.5260950170408247,2.590931590267512,1.0,0.0,0.7782630137532505,0.325,1.494,2.495,0.646,0.7285400000000002,0.345,1.523,2.59,0.651,0.7821799999999999,329.76324677467346,39.17115926742554,393.6846740245819,-0.02425149137647875,-0.06943847621351068,-0.004251491376478789,-0.012173151672803756,-0.032095017040824736,-0.021030811766267733,-0.003095017040824821,-0.0020280631325474184,-0.09593159026751197,-0.037025906290951933,-0.0009315902675122167,-0.0003595580334932852,-0.04972301375325028,-0.06388972991721156,0.00391698624674941,0.005032985221614677
223,0.5590006269368512,0.07410276034462081,3.1954279743703657,1.0,0.0,1.261235738248415,0.6,0.072,3.157,0.687,1.1807180000000006,0.556,0.074,3.165,0.687,1.1837100000000005,1946.9658555984497,38.43783617019653,409.2943603992462,0.040999373063148825,0.07334405560117631,-0.003000626936851103,-0.005367841809576496,-0.002102760344620813,-0.02837627552390435,-0.0001027603446208114,-0.0013867276217905543,-0.038427974370365714,-0.01202592412615329,-0.030427974370365707,-0.009522347120454593,-0.08051773824841435,-0.06384035577697486,-0.07752573824841447,-0.06146807919991312
224,0.41022819311011566,0.6584448606718863,1.7460312254348498,1.0,0.0,1.0292599012052905,0.408,0.635,1.68,0.781,0.9441599999999999,0.426,0.647,1.755,0.794,1.03194,275.12436056137085,32.63906383514404,251.9669795036316,-0.0022281931101156838,-0.005431594287127848,0.015771806889884332,0.038446423611969496,-0.023444860671886336,-0.035606414556813265,-0.011444860671886325,-0.017381653887020745,-0.06603122543484985,-0.037817894933926365,0.008968774565150106,0.005136663327951898,-0.08509990120529065,-0.08268067288508608,0.00268009879470954,0.0026039086838718513
225,0.4434911754528932,1.90968546281553,4.846068279920406,1.0,0.0,-0.5862612144892472,0.428,1.977,5.001,0.439,-0.6101219999999996,0.446,1.968,5.057,0.439,-0.6169539999999998,916.8398027420044,61.610044956207275,1471.157158613205,-0.015491175452893191,-0.034930064701002454,0.002508824547106825,0.005656988652693739,0.06731453718447011,0.03524901796405019,0.058314537184469994,0.030536199976353387,0.15493172007959455,0.03197060196645418,0.2109317200795946,0.04352636155656046,-0.023860785510752436,0.0406999216749142,-0.030692785510752607,0.05235343009598933
226,0.6227573525470731,0.7900483305230681,1.7626439715461077,1.0,0.0,1.131143476618667,0.576,0.815,1.72,0.819,1.09736,0.598,0.818,1.765,0.825,1.1472499999999999,240.1118404865265,32.56743121147156,447.5284581184387,-0.04675735254707314,-0.07508117303767817,-0.02475735254707312,-0.039754412285645004,0.024951669476931837,0.03158245959511371,0.02795166947693184,0.03537969564270309,-0.04264397154610777,-0.02419318491680569,0.002356028453892156,0.001336644547580167,-0.033783476618667097,-0.029866659108229325,0.016106523381332893,0.014239151543781348
230,0.6167968946847795,0.24316833765927523,1.4058051986952649,1.0,0.0,-0.013711273291803439,0.496,0.252,1.394,0.502,0.005576000000000025,0.577,0.24,1.399,0.501,0.002798000000000078,330.9807126522064,33.16248083114624,179.4980432987213,-0.1207968946847795,-0.19584549748181534,-0.03979689468477954,-0.06452187912703121,0.008831662340724772,0.036319129479346936,-0.003168337659275239,-0.013029400495860108,-0.011805198695264973,-0.008397464105426158,-0.006805198695264858,-0.00484078356061053,0.019287273291803464,-1.4066726613445406,0.016509273291803517,-1.2040656575398228
231,0.2529046364865332,0.5669998016605301,1.1638186017959078,1.0,0.0,0.14573137435811057,0.189,0.664,1.19,0.562,0.14756000000000014,0.286,0.598,1.197,0.565,0.1556099999999998,173.62741208076477,33.83722424507141,140.34320998191833,-0.06390463648653322,-0.252682739922548,0.03309536351346676,0.13086103905900134,0.09700019833946993,0.17107624739090327,0.031000198339469875,0.05467409027072303,0.026181398204092154,0.02249611594426417,0.03318139820409227,0.02851079897923053,0.0018286256418895697,0.012547920102613092,0.009878625641889238,0.0677865400323074
232,0.42971281348230783,0.6429778625112841,1.0660186222049797,1.0,0.0,0.443983697314398,0.348,0.641,1.032,0.691,0.3942239999999999,0.411,0.614,1.056,0.703,0.428736,129.39410972595215,32.73133039474487,139.6259024143219,-0.08171281348230786,-0.19015679988716963,-0.018712813482307855,-0.04354725503915722,-0.0019778625112840675,-0.00307609736913665,-0.02897786251128409,-0.04506821183252718,-0.03401862220497964,-0.031911846093846535,-0.010018622204979621,-0.00939816809602899,-0.04975969731439811,-0.11207550550929755,-0.015247697314398012,-0.03434292161317956
234,0.7660118551067375,0.47062848772476956,2.1934569894739715,1.0,0.0,-0.5358327448801308,0.773,0.482,2.23,0.384,-0.51736,0.783,0.482,2.241,0.383,-0.524394,771.0056154727936,38.81242775917053,324.1382989883423,0.0069881448932624934,0.009122763370664482,0.016988144893262502,0.022177391616080594,0.011371512275230422,0.024162396820059582,0.011371512275230422,0.024162396820059582,0.036543010526028485,0.016660007787429706,0.047543010526028606,0.02167492262404937,0.01847274488013073,-0.034474833904119095,0.011438744880130747,-0.021347603313585598
235,0.6051670288968376,0.11277744803672371,2.027308087592137,1.0,0.0,0.011141977290896499,0.595,0.107,2.054,0.51,0.041080000000000005,0.555,0.111,2.059,0.51,0.041180000000000216,822.0884430408478,34.844199419021606,297.5663194656372,-0.010167028896837627,-0.016800368181609564,-0.05016702889683755,-0.08289782242150123,-0.005777448036723712,-0.05122875306455243,-0.0017774480367237083,-0.01576066906696557,0.026691912407862617,0.013166184543546601,0.031691912407862954,0.01563250923815131,0.029938022709103507,2.6869577928115356,0.030038022709103718,2.6959328604668893
237,0.6627646347414337,0.1725982448313637,1.9763965846991125,1.0,0.0,0.6694805589001462,0.684,0.165,1.984,0.67,0.67456,0.677,0.166,1.988,0.67,0.6759200000000001,797.0479326248169,40.3750216960907,289.3813724517822,0.021235365258566397,0.03204058295423535,0.01423536525856639,0.021478764122832346,-0.007598244831363704,-0.04402272363075032,-0.006598244831363703,-0.038228921955785165,0.007603415300887484,0.0038471101193716297,0.011603415300887487,0.005870995422031655,0.00507944109985381,0.0075871375685629345,0.006439441099853838,0.009618563249144755
239,0.523497435020443,1.0065012279230436,1.1636510716827408,1.0,0.0,0.06894056879994492,0.462,0.995,1.141,0.533,0.0753060000000001,0.508,0.974,1.162,0.535,0.08133999999999997,139.12005043029785,41.44848990440369,119.20921921730042,-0.06149743502044297,-0.11747418593950025,-0.015497435020442984,-0.029603650340402906,-0.011501227923043644,-0.01142693878951037,-0.03250122792304366,-0.03229129485525942,-0.02265107168274083,-0.019465518688506347,-0.0016510716827409233,-0.0014188717932028627,0.006365431200055172,0.09233215377910048,0.012399431200055044,0.1798568160357991
244,0.4574554106153598,0.10340893277818435,3.077937804058613,1.0,0.0,0.1337415631926815,0.513,0.102,3.126,0.51,0.06252000000000013,0.468,0.107,3.14,0.511,0.06908000000000003,2141.322691679001,34.1266872882843,369.6797499656677,0.055544589384640186,0.12142077259491306,0.010544589384640202,0.02305052938483301,-0.001408932778184352,-0.01362486528322036,0.0035910672218156525,0.0347268570068179,0.04806219594138694,0.015615064046457157,0.06206219594138718,0.020163564013395942,-0.07122156319268136,-0.5325312602341311,-0.06466156319268146,-0.48348143725166076
246,0.6482188268996018,0.43195792775649694,2.546211558892094,1.0,0.0,0.6181991106711164,0.651,0.422,2.549,0.61,0.5607799999999998,0.64,0.432,2.584,0.611,0.5736479999999999,1025.1131174564362,41.072985887527466,342.30781960487366,0.002781173100398271,0.0042904849180337495,-0.008218826899601739,-0.012679093168138878,-0.009957927756496954,-0.023053003815016057,4.207224350305516e-05,9.739893818263732e-05,0.0027884411079059923,0.0010951333160702864,0.037788441107906134,0.014841045307464011,-0.0574191106711166,-0.0928812573165666,-0.0445511106711165,-0.07206595723302134
249,0.6855068024531472,0.22368706691584553,1.5210540020982932,1.0,0.0,0.6566066233615955,0.723,0.232,1.559,0.724,0.6984319999999997,0.713,0.233,1.563,0.724,0.7002239999999997,339.46032547950745,33.84347128868103,257.32961201667786,0.03749319754685276,0.05469412909205279,0.027493197546852755,0.04010638180170627,0.008312933084154484,0.03716322628201806,0.009312933084154484,0.04163375742978539,0.03794599790170672,0.024947173374094696,0.04194599790170672,0.027576928790064154,0.041825376638404244,0.06369929140262551,0.04361737663840426,0.0664284749597843
250,0.19979493135617574,0.3507183444929809,3.5167532801362906,1.0,0.0,-0.49103463435270855,0.24,0.341,3.415,0.44,-0.40980000000000016,0.225,0.369,3.571,0.437,-0.4499460000000002,1625.708853006363,33.27054500579834,376.1544380187988,0.040205068643824254,0.20123167475230097,0.02520506864382427,0.12615469508028224,-0.009718344492980868,-0.027709826547654016,0.0182816555070191,0.05212631672702533,-0.10175328013629059,-0.02893386940477871,0.05424671986370955,0.015425227629732169,0.08123463435270839,-0.1654356509083997,0.041088634352708375,-0.08367767053106594
